ticker,company_name
FR0001,Usines Bordeaux SNC
FR0002,Ateliers Efficace SE
FR0003,Compagnie Clermontoise de Limoges EURL
FR0004,Céramique Tours SCOP
FR0005,Industrie Grenoble GIE
FR0006,Solutions Européenne SARL
FR0007,Chimie Annecy SNC
FR0008,Naval Commerciale de Caen SARL
FR0009,Plastique Reims EURL
FR0010,Services Besançon SARL
FR0011,Ateliers Nationale SNC
FR0012,Plastique Metz EURL
FR0013,Entreprise Excellence SAS
FR0014,Bois Brestoise de Bordeaux SE
FR0015,Groupe Orleanaise SA
FR0016,Solutions Durable SCS
FR0017,Naval Nantes SNC
FR0018,Développement Qualité GIE
FR0019,Fabrique Technique de Marseille SCOP
FR0020,Production Dynamique de Annecy SAS
FR0021,Bois Limoges SCOP
FR0022,Industrie Efficace de Metz SARL
FR0023,Alimentaire Clermont SNC
FR0024,Industrie Toulon SE
FR0025,Ateliers Dynamique de Perpignan SNC
FR0026,Production Régionale de Brest SAS
FR0027,Industrie Amiens SCS
FR0028,Plastique Paris EURL
FR0029,Compagnie Perpignan SCOP
FR0030,Fabrique Brest SCOP
FR0031,Automobile Clermontoise SE
FR0032,Électronique Internationale SCS
FR0033,Consulting Grenoble SARL
FR0034,Services Lyon EURL
FR0035,Groupe Mulhouse SARL
FR0036,Alimentaire Bordeaux SE
FR0037,Énergie Clermontoise de Nantes SE
FR0038,Ferroviaire Amiénoise SCOP
FR0039,Automobile Continentale de Clermont GIE
FR0040,Ateliers Toulousaine de Saint-Étienne GIE
FR0041,Consulting Dijonnaise EURL
FR0042,Métallurgie Intégrée EURL
FR0043,Ateliers Perpignan SE
FR0044,Compagnie Amiénoise SAS
FR0045,Verre Dijon SAS
FR0046,Bois Limogeaude de Rouen SCOP
FR0047,Énergie Rouen EURL
FR0048,Groupe Qualité SE
FR0049,Ferroviaire Strasbourg SE
FR0050,Hydraulique Strasbourgeoise de Marseille SAS
FR0051,Consulting Internationale de Mulhouse SARL
FR0052,Société Précision de Clermont SARL
FR0053,Textile Limogeaude EURL
FR0054,Verre Rennaise de Orléans SNC
FR0055,Entreprise Lyonnaise de Angers SCOP
FR0056,Entreprise Limoges EURL
FR0057,Chimie Montpellier EURL
FR0058,Aéronautique Commerciale de Angers SNC
FR0059,Industrie Performante SE
FR0060,Fabrique Mulhouse SARL
FR0061,Production Angers SNC
FR0062,Alimentaire Clermontoise de Limoges SNC
FR0063,Groupe Perpignan GIE
FR0064,Industrie Européenne SAS
FR0065,Aéronautique Brest GIE
FR0066,Entreprise Brest SAS
FR0067,Plastique Qualité SE
FR0068,Plastique Marseillaise de Lille SCS
FR0069,Chimie Innovante de Angers GIE
FR0070,Consulting Grenobloise SAS
FR0071,Alimentaire Rennes EURL
FR0072,Ateliers Nationale SA
FR0073,Naval Continentale SNC
FR0074,Manufacture Performante de Dijon EURL
FR0075,Métallurgie Continentale de Dijon SE
FR0076,Alimentaire Parisienne SARL
FR0077,Développement Marseillaise de Angers SARL
FR0078,Textile Avancée de Toulouse SE
FR0079,Développement Marseillaise de Lyon GIE
FR0080,Innovation Régionale de Marseille GIE
FR0081,Textile Performante de Saint-Étienne SARL
FR0082,Céramique Reims GIE
FR0083,Fabrique Dijonnaise de Metz GIE
FR0084,Technologie Précision SNC
FR0085,Mécanique Clermontoise de Annecy GIE
FR0086,Naval Metz SCOP
FR0087,Ferroviaire Grenobloise de Rouen SARL
FR0088,Alimentaire Strasbourgeoise de Metz EURL
FR0089,Production Parisienne de Bordeaux SA
FR0090,Entreprise Intégrée GIE
FR0091,Bois Bordeaux GIE
FR0092,Industrie Bordeaux GIE
FR0093,Naval Toulousaine SE
FR0094,Fabrique Intégrée de Brest SE
FR0095,Aéronautique Précision de Clermont SE
FR0096,Système Spécialisée de Rennes SCOP
FR0097,Métallurgie Nancy SCOP
FR0098,Aéronautique Bordeaux SNC
FR0099,Textile Nantes SARL
FR0100,Bois Reims SAS
FR0101,Céramique Moderne SCS
FR0102,Céramique Nationale de Besançon SA
FR0103,Ferroviaire Lyonnaise de Rouen SCS
FR0104,Céramique Commerciale SE
FR0105,Services Amiens GIE
FR0106,Alimentaire Saint-Étienne GIE
FR0107,Naval Rennaise de Lyon SE
FR0108,Manufacture Strasbourgeoise GIE
FR0109,Développement Nationale SCS
FR0110,Bois Brestoise GIE
FR0111,Groupe Nancy EURL
FR0112,Société Parisienne de Lille EURL
FR0113,Consulting Metz SCOP
FR0114,Solutions Intégrée de Toulon SNC
FR0115,Usines Grenobloise de Toulouse SNC
FR0116,Bois Internationale de Marseille EURL
FR0117,Consulting Lilloise de Besançon SNC
FR0118,Société Continentale SE
FR0119,Alimentaire Lyonnaise GIE
FR0120,Plastique Reims SCOP
FR0121,Technologie Industrielle de Angers SNC
FR0122,Ferroviaire Intégrée GIE
FR0123,Consulting Strasbourgeoise de Mulhouse SNC
FR0124,Bois Européenne SA
FR0125,Solutions Grenoble SNC
FR0126,Métallurgie Innovante SA
FR0127,Céramique Toulon SE
FR0128,Ferroviaire Créative SCOP
FR0129,Services Internationale EURL
FR0130,Chimie Avancée SE
FR0131,Électronique Limogeaude EURL
FR0132,Technologie Dijonnaise de Saint-Étienne EURL
FR0133,Mécanique Rouen EURL
FR0134,Technologie Angevine SA
FR0135,Groupe Innovante de Reims SNC
FR0136,Énergie Tours SA
FR0137,Ferroviaire Nouvelle SCS
FR0138,Ferroviaire Bordelaise de Dijon SARL
FR0139,Groupe Rouennaise SAS
FR0140,Consulting Bordelaise de Toulon SE
FR0141,Services Industrielle GIE
FR0142,Automobile Angevine SA
FR0143,Solutions Dynamique EURL
FR0144,Technologie Strasbourg SARL
FR0145,Aéronautique Rouen SCOP
FR0146,Mécanique Tourangelle de Marseille SCOP
FR0147,Innovation Brest SARL
FR0148,Production Marseille SAS
FR0149,Électronique Orléans SNC
FR0150,Électronique Fiable GIE
FR0151,Compagnie Excellence SA
FR0152,Développement Parisienne de Bordeaux SARL
FR0153,Manufacture Tours SNC
FR0154,Technologie Spécialisée SE
FR0155,Automobile Dynamique SCOP
FR0156,Textile Besançon SARL
FR0157,Céramique Fiable SCOP
FR0158,Société Grenoble SARL
FR0159,Usines Internationale de Perpignan SE
FR0160,Naval Moderne de Lille SA
FR0161,Énergie Toulon SCOP
FR0162,Métallurgie Caen SAS
FR0163,Énergie Bordelaise SA
FR0164,Système Angevine SE
FR0165,Usines Intégrée SARL
FR0166,Mécanique Technique de Clermont SNC
FR0167,Consulting Intégrée de Nantes SE
FR0168,Hydraulique Rennaise de Rennes SARL
FR0169,Alimentaire Perpignan SNC
FR0170,Électronique Besançon SCOP
FR0171,Ferroviaire Continentale SCS
FR0172,Textile Dijonnaise de Tours EURL
FR0173,Céramique Marseillaise de Saint-Étienne SCS
FR0174,Bois Nationale SAS
FR0175,Alimentaire Lilloise SCOP
FR0176,Production Moderne de Marseille SAS
FR0177,Alimentaire Nancy GIE
FR0178,Alimentaire Efficace de Dijon SE
FR0179,Énergie Angers SA
FR0180,Mécanique Orleanaise de Clermont SARL
FR0181,Ateliers Reims SAS
FR0182,Manufacture Annecy SCS
FR0183,Chimie Nantes GIE
FR0184,Céramique Strasbourg SAS
FR0185,Bois Précision EURL
FR0186,Naval Orléans SNC
FR0187,Industrie Intégrée SNC
FR0188,Chimie Qualité de Nancy SNC
FR0189,Naval Angevine EURL
FR0190,Bois Tours SCS
FR0191,Mécanique Rennes GIE
FR0192,Groupe Excellence SCOP
FR0193,Services Excellence de Bordeaux SCS
FR0194,Fabrique Dynamique SARL
FR0195,Aéronautique Saint-Étienne SCS
FR0196,Mécanique Strasbourg GIE
FR0197,Plastique Caen SE
FR0198,Système Annecy SCOP
FR0199,Alimentaire Marseille SCOP
FR0200,Services Efficace GIE
FR0201,Verre Brest SNC
FR0202,Plastique Efficace de Tours SNC
FR0203,Plastique Amiens EURL
FR0204,Textile Nancy EURL
FR0205,Naval Fiable SNC
FR0206,Société Toulouse SCOP
FR0207,Fabrique Nationale de Montpellier SCOP
FR0208,Céramique Qualité SAS
FR0209,Énergie Rennes GIE
FR0210,Plastique Clermontoise de Orléans SCOP
FR0211,Ateliers Efficace de Brest SCS
FR0212,Groupe Internationale de Lille SNC
FR0213,Naval Strasbourgeoise de Nancy EURL
FR0214,Groupe Européenne EURL
FR0215,Solutions Qualité EURL
FR0216,Production Excellence SA
FR0217,Fabrique Annecy SNC
FR0218,Manufacture Rennaise SA
FR0219,Textile Rennes SAS
FR0220,Céramique Saint-Étienne SARL
FR0221,Aéronautique Tours SE
FR0222,Hydraulique Orleanaise de Saint-Étienne SA
FR0223,Électronique Intégrée de Paris SA
FR0224,Automobile Efficace SARL
FR0225,Compagnie Marseille SAS
FR0226,Textile Nationale de Rouen SE
FR0227,Ateliers Fiable de Besançon SARL
FR0228,Solutions Mulhouse SCOP
FR0229,Alimentaire Intégrée GIE
FR0230,Textile Performante de Montpellier SNC
FR0231,Ferroviaire Perpignan SARL
FR0232,Automobile Annecy SCS
FR0233,Groupe Qualité SE
FR0234,Chimie Performante GIE
FR0235,Mécanique Montpellier SNC
FR0236,Hydraulique Clermontoise de Metz SAS
FR0237,Chimie Innovante de Toulouse SCS
FR0238,Automobile Innovante de Lyon SE
FR0239,Métallurgie Parisienne SAS
FR0240,Alimentaire Continentale de Strasbourg SA
FR0241,Verre Nantaise SAS
FR0242,Solutions Nationale GIE
FR0243,Textile Mulhouse SARL
FR0244,Système Metz SA
FR0245,Aéronautique Performante GIE
FR0246,Solutions Technique SARL
FR0247,Énergie Paris SNC
FR0248,Groupe Lyonnaise de Rouen EURL
FR0249,Développement Toulouse SCS
FR0250,Automobile Montpelliéraine SAS
FR0251,Chimie Nantaise GIE
FR0252,Naval Nantaise SCS
FR0253,Céramique Dijon SARL
FR0254,Textile Grenobloise SCOP
FR0255,Automobile Lilloise de Clermont EURL
FR0256,Verre Angevine SCS
FR0257,Hydraulique Dynamique de Limoges SARL
FR0258,Chimie Bordeaux SAS
FR0259,Développement Angers SAS
FR0260,Entreprise Montpelliéraine de Orléans SCOP
FR0261,Aéronautique Efficace SCS
FR0262,Aéronautique Nantaise de Orléans SCOP
FR0263,Groupe Continentale SE
FR0264,Groupe Régionale de Marseille SNC
FR0265,Compagnie Précision de Dijon SE
FR0266,Société Nouvelle de Grenoble EURL
FR0267,Groupe Nouvelle SARL
FR0268,Compagnie Paris SAS
FR0269,Aéronautique Nouvelle SE
FR0270,Mécanique Nationale de Toulon GIE
FR0271,Alimentaire Nantaise SCS
FR0272,Développement Grenoble SAS
FR0273,Production Continentale SNC
FR0274,Compagnie Angevine SE
FR0275,Fabrique Performante SE
FR0276,Plastique Rouen SCS
FR0277,Solutions Lille SCOP
FR0278,Fabrique Rouennaise SARL
FR0279,Société Performante SCS
FR0280,Bois Rouennaise de Strasbourg SAS
FR0281,Système Nouvelle de Clermont SA
FR0282,Aéronautique Précision SNC
FR0283,Consulting Angevine SCOP
FR0284,Aéronautique Intégrée de Toulon SNC
FR0285,Système Besançon SAS
FR0286,Ferroviaire Caen SE
FR0287,Usines Toulon SARL
FR0288,Aéronautique Technique de Perpignan SAS
FR0289,Services Caen SCS
FR0290,Groupe Montpellier SE
FR0291,Compagnie Régionale EURL
FR0292,Alimentaire Paris SAS
FR0293,Ferroviaire Fiable SAS
FR0294,Industrie Rennes SA
FR0295,Production Clermont SE
FR0296,Mécanique Toulouse SNC
FR0297,Céramique Marseille SCOP
FR0298,Énergie Excellence de Lyon SE
FR0299,Production Tourangelle GIE
FR0300,Céramique Montpelliéraine SARL
FR0301,Hydraulique Technique SE
FR0302,Bois Saint-Étienne SNC
FR0303,Entreprise Continentale EURL
FR0304,Alimentaire Rennaise de Montpellier SA
FR0305,Technologie Efficace SCOP
FR0306,Fabrique Paris SCOP
FR0307,Société Dijonnaise de Grenoble SA
FR0308,Ferroviaire Limogeaude SA
FR0309,Groupe Rennes SCS
FR0310,Plastique Avancée de Saint-Étienne GIE
FR0311,Alimentaire Montpelliéraine de Reims SCOP
FR0312,Métallurgie Strasbourgeoise de Marseille GIE
FR0313,Technologie Grenoble SNC
FR0314,Textile Performante de Rouen SNC
FR0315,Système Fiable de Montpellier SCOP
FR0316,Chimie Précision de Rennes GIE
FR0317,Groupe Nantaise de Montpellier GIE
FR0318,Système Parisienne de Besançon SAS
FR0319,Société Rennaise SARL
FR0320,Bois Angers SA
FR0321,Aéronautique Régionale de Orléans SCS
FR0322,Plastique Nancy SCS
FR0323,Usines Parisienne de Amiens SAS
FR0324,Usines Limogeaude de Reims SNC
FR0325,Mécanique Lille SCOP
FR0326,Entreprise Nouvelle de Mulhouse SAS
FR0327,Textile Reims SCS
FR0328,Mécanique Angevine de Reims SAS
FR0329,Technologie Bordeaux SE
FR0330,Innovation Rennaise EURL
FR0331,Plastique Intégrée SE
FR0332,Électronique Internationale SCOP
FR0333,Entreprise Nancy SCS
FR0334,Naval Montpellier SE
FR0335,Technologie Rennaise GIE
FR0336,Usines Rouen SAS
FR0337,Textile Orleanaise de Limoges SCS
FR0338,Développement Rennes SE
FR0339,Électronique Précision SE
FR0340,Production Grenobloise SCS
FR0341,Manufacture Strasbourgeoise SA
FR0342,Solutions Durable GIE
FR0343,Mécanique Amiens SNC
FR0344,Verre Angevine SCOP
FR0345,Céramique Spécialisée SCOP
FR0346,Textile Continentale de Nantes GIE
FR0347,Ateliers Orléans EURL
FR0348,Aéronautique Toulouse SAS
FR0349,Bois Précision de Bordeaux GIE
FR0350,Textile Durable SCS
FR0351,Hydraulique Intégrée SCOP
FR0352,Verre Bordeaux SCOP
FR0353,Chimie Toulousaine de Rouen SA
FR0354,Ferroviaire Tourangelle SE
FR0355,Développement Montpellier GIE
FR0356,Groupe Durable SE
FR0357,Bois Technique de Toulon SCOP
FR0358,Usines Rennaise de Dijon SARL
FR0359,Plastique Rouennaise de Angers EURL
FR0360,Société Marseillaise SAS
FR0361,Naval Rouennaise de Nantes SE
FR0362,Système Internationale de Tours SNC
FR0363,Énergie Durable SNC
FR0364,Usines Moderne de Annecy SNC
FR0365,Manufacture Excellence de Rennes SCOP
FR0366,Services Toulousaine de Strasbourg SCOP
FR0367,Bois Rouennaise de Paris EURL
FR0368,Innovation Parisienne SCOP
FR0369,Solutions Moderne SE
FR0370,Groupe Rennaise de Lille SE
FR0371,Ferroviaire Industrielle GIE
FR0372,Alimentaire Commerciale de Metz SCS
FR0373,Développement Précision SCOP
FR0374,Électronique Toulon SNC
FR0375,Solutions Fiable de Grenoble SCOP
FR0376,Métallurgie Tourangelle SARL
FR0377,Verre Rouen SAS
FR0378,Compagnie Nancy SCOP
FR0379,Ferroviaire Clermontoise de Perpignan EURL
FR0380,Métallurgie Rennaise SARL
FR0381,Groupe Performante SE
FR0382,Céramique Européenne SCOP
FR0383,Système Moderne de Amiens SCOP
FR0384,Mécanique Nancy SNC
FR0385,Compagnie Créative de Brest EURL
FR0386,Société Montpelliéraine de Mulhouse GIE
FR0387,Société Internationale de Strasbourg SCOP
FR0388,Mécanique Marseillaise SA
FR0389,Alimentaire Tourangelle SCOP
FR0390,Fabrique Rennes SCOP
FR0391,Usines Européenne SAS
FR0392,Technologie Annecy SCS
FR0393,Innovation Montpelliéraine GIE
FR0394,Verre Performante SARL
FR0395,Consulting Dijon SNC
FR0396,Métallurgie Européenne SNC
FR0397,Plastique Fiable EURL
FR0398,Système Internationale de Caen SE
FR0399,Électronique Fiable SARL
FR0400,Services Amiens SAS
FR0401,Plastique Moderne de Caen SE
FR0402,Solutions Amiénoise de Limoges SARL
FR0403,Entreprise Durable de Paris SARL
FR0404,Innovation Nantes SE
FR0405,Aéronautique Bordelaise EURL
FR0406,Hydraulique Orléans SA
FR0407,Céramique Intégrée de Brest SA
FR0408,Manufacture Perpignan SNC
FR0409,Solutions Qualité de Paris SARL
FR0410,Groupe Paris SCOP
FR0411,Technologie Rennaise GIE
FR0412,Bois Nationale de Metz SARL
FR0413,Fabrique Toulouse SCS
FR0414,Verre Industrielle de Saint-Étienne SAS
FR0415,Manufacture Angevine SCOP
FR0416,Bois Orleanaise EURL
FR0417,Usines Marseillaise de Angers GIE
FR0418,Manufacture Marseille EURL
FR0419,Société Nouvelle SA
FR0420,Services Commerciale EURL
FR0421,Hydraulique Tourangelle de Perpignan EURL
FR0422,Textile Mulhouse SNC
FR0423,Services Rennes SNC
FR0424,Technologie Dynamique de Brest GIE
FR0425,Bois Industrielle SCS
FR0426,Bois Amiens SE
FR0427,Services Angevine SAS
FR0428,Céramique Limoges SE
FR0429,Consulting Limogeaude de Grenoble EURL
FR0430,Plastique Strasbourgeoise SE
FR0431,Bois Besançon SA
FR0432,Solutions Spécialisée EURL
FR0433,Industrie Saint-Étienne EURL
FR0434,Ferroviaire Amiénoise de Dijon EURL
FR0435,Mécanique Nationale SCOP
FR0436,Plastique Orléans SCOP
FR0437,Ferroviaire Française EURL
FR0438,Services Rouennaise de Rennes SA
FR0439,Céramique Tourangelle SAS
FR0440,Consulting Générale SE
FR0441,Énergie Orléans SCOP
FR0442,Chimie Grenobloise SAS
FR0443,Groupe Industrielle de Perpignan SA
FR0444,Groupe Lyonnaise GIE
FR0445,Production Lyonnaise EURL
FR0446,Ferroviaire Lyon SCOP
FR0447,Céramique Lyonnaise de Limoges SA
FR0448,Mécanique Parisienne SE
FR0449,Technologie Limoges SARL
FR0450,Innovation Précision SE
FR0451,Verre Strasbourgeoise SCS
FR0452,Services Angevine de Nancy SARL
FR0453,Société Strasbourgeoise GIE
FR0454,Industrie Fiable SAS
FR0455,Alimentaire Durable SARL
FR0456,Solutions Rennes SCOP
FR0457,Entreprise Efficace de Mulhouse SNC
FR0458,Technologie Française de Lille SA
FR0459,Verre Nantaise de Strasbourg SNC
FR0460,Bois Efficace de Grenoble SE
FR0461,Compagnie Paris SCS
FR0462,Services Nantaise de Angers SCS
FR0463,Verre Nancy SA
FR0464,Aéronautique Générale EURL
FR0465,Technologie Efficace GIE
FR0466,Consulting Rennes SARL
FR0467,Production Montpellier SCS
FR0468,Industrie Angevine SCOP
FR0469,Compagnie Montpelliéraine de Orléans GIE
FR0470,Ateliers Parisienne de Montpellier SARL
FR0471,Textile Nationale de Rouen SA
FR0472,Consulting Durable SE
FR0473,Métallurgie Amiens SNC
FR0474,Système Clermont SNC
FR0475,Entreprise Régionale SNC
FR0476,Innovation Intégrée de Nantes SARL
FR0477,Alimentaire Précision GIE
FR0478,Automobile Créative de Rouen SAS
FR0479,Innovation Spécialisée de Strasbourg SCS
FR0480,Mécanique Fiable SCOP
FR0481,Métallurgie Internationale SCS
FR0482,Technologie Efficace SE
FR0483,Solutions Nouvelle de Perpignan SNC
FR0484,Céramique Efficace SCOP
FR0485,Production Avancée de Marseille GIE
FR0486,Verre Commerciale de Caen SE
FR0487,Société Régionale SE
FR0488,Consulting Performante SCS
FR0489,Verre Toulouse GIE
FR0490,Développement Orleanaise de Saint-Étienne SE
FR0491,Services Nouvelle de Dijon SCS
FR0492,Hydraulique Rouennaise SCS
FR0493,Compagnie Bordelaise SAS
FR0494,Solutions Industrielle SCOP
FR0495,Aéronautique Rouen SARL
FR0496,Usines Nancy SCS
FR0497,Système Amiénoise SE
FR0498,Automobile Intégrée EURL
FR0499,Automobile Internationale SA
FR0500,Automobile Reims SA
FR0501,Métallurgie Nantaise SARL
FR0502,Textile Toulouse SCOP
FR0503,Énergie Industrielle SCS
FR0504,Usines Continentale SCS
FR0505,Électronique Metz SARL
FR0506,Usines Toulouse SNC
FR0507,Production Technique de Clermont GIE
FR0508,Automobile Montpelliéraine de Nancy SCOP
FR0509,Technologie Amiens SAS
FR0510,Technologie Angers SCOP
FR0511,Chimie Nantes SCOP
FR0512,Bois Innovante de Nancy SE
FR0513,Céramique Strasbourg SCOP
FR0514,Manufacture Paris SNC
FR0515,Mécanique Grenobloise de Tours SCOP
FR0516,Hydraulique Bordelaise de Rennes SARL
FR0517,Plastique Commerciale de Toulon SA
FR0518,Automobile Lilloise EURL
FR0519,Développement Continentale SARL
FR0520,Consulting Clermontoise de Besançon SCS
FR0521,Système Annecy SAS
FR0522,Solutions Brest SCS
FR0523,Système Française de Rouen SNC
FR0524,Hydraulique Efficace de Nantes SARL
FR0525,Groupe Brestoise SAS
FR0526,Textile Amiens GIE
FR0527,Métallurgie Dynamique de Dijon GIE
FR0528,Compagnie Saint-Étienne SE
FR0529,Plastique Intégrée de Grenoble SCOP
FR0530,Compagnie Besançon SCS
FR0531,Verre Perpignan GIE
FR0532,Métallurgie Française SNC
FR0533,Énergie Paris SA
FR0534,Naval Parisienne SARL
FR0535,Industrie Avancée de Reims EURL
FR0536,Électronique Grenobloise SNC
FR0537,Plastique Performante SAS
FR0538,Services Reims SARL
FR0539,Solutions Spécialisée de Nantes SARL
FR0540,Aéronautique Lyonnaise SA
FR0541,Automobile Amiens SAS
FR0542,Bois Strasbourgeoise de Toulouse SARL
FR0543,Fabrique Nationale SAS
FR0544,Industrie Précision SAS
FR0545,Production Besançon SCOP
FR0546,Ateliers Rennaise SARL
FR0547,Automobile Bordeaux SAS
FR0548,Compagnie Amiénoise de Angers SE
FR0549,Manufacture Performante de Lille SNC
FR0550,Verre Tourangelle de Annecy SA
FR0551,Énergie Nationale de Bordeaux SARL
FR0552,Industrie Régionale de Nantes SCS
FR0553,Céramique Metz SE
FR0554,Ferroviaire Tours SA
FR0555,Développement Caen SA
FR0556,Verre Technique de Nancy SNC
FR0557,Automobile Fiable de Marseille GIE
FR0558,Production Rouen SARL
FR0559,Solutions Rouennaise de Grenoble SE
FR0560,Entreprise Angevine GIE
FR0561,Consulting Strasbourgeoise de Toulouse GIE
FR0562,Électronique Toulouse SAS
FR0563,Fabrique Fiable SA
FR0564,Développement Grenobloise de Nantes SCS
FR0565,Usines Parisienne de Annecy SCS
FR0566,Développement Durable SARL
FR0567,Énergie Montpellier SAS
FR0568,Ateliers Durable SARL
FR0569,Industrie Amiénoise de Amiens SA
FR0570,Technologie Marseillaise de Annecy SE
FR0571,Céramique Orleanaise de Bordeaux SCS
FR0572,Métallurgie Nantaise de Toulouse SCS
FR0573,Technologie Orleanaise SE
FR0574,Naval Grenoble SNC
FR0575,Naval Lille SCS
FR0576,Électronique Précision de Orléans EURL
FR0577,Innovation Nantes EURL
FR0578,Céramique Parisienne de Brest EURL
FR0579,Industrie Européenne de Toulon SA
FR0580,Électronique Lilloise EURL
FR0581,Groupe Marseille SNC
FR0582,Services Industrielle GIE
FR0583,Compagnie Limoges SARL
FR0584,Verre Nantaise SA
FR0585,Mécanique Limogeaude de Caen SCS
FR0586,Textile Rennes SCOP
FR0587,Innovation Nantes SARL
FR0588,Aéronautique Clermont SCS
FR0589,Chimie Clermontoise de Rouen SCOP
FR0590,Compagnie Grenobloise de Perpignan SNC
FR0591,Solutions Française de Marseille SAS
FR0592,Verre Metz SA
FR0593,Technologie Parisienne de Besançon GIE
FR0594,Consulting Lilloise SCOP
FR0595,Industrie Nantes EURL
FR0596,Verre Régionale de Tours SARL
FR0597,Entreprise Parisienne SARL
FR0598,Fabrique Toulouse SCS
FR0599,Naval Toulousaine de Caen SAS
FR0600,Verre Générale SA
FR0601,Solutions Montpelliéraine SNC
FR0602,Consulting Créative de Amiens SNC
FR0603,Groupe Dijon SNC
FR0604,Innovation Créative de Bordeaux SE
FR0605,Manufacture Nationale SCS
FR0606,Hydraulique Rennes GIE
FR0607,Textile Excellence de Lyon EURL
FR0608,Groupe Spécialisée de Montpellier SE
FR0609,Système Metz EURL
FR0610,Groupe Orleanaise de Montpellier GIE
FR0611,Technologie Montpelliéraine de Tours EURL
FR0612,Chimie Qualité de Reims SA
FR0613,Production Durable de Perpignan EURL
FR0614,Énergie Commerciale SNC
FR0615,Services Excellence EURL
FR0616,Innovation Reims SCS
FR0617,Textile Toulousaine de Nantes SA
FR0618,Usines Industrielle de Marseille SCS
FR0619,Verre Qualité SARL
FR0620,Système Avancée de Nancy SCOP
FR0621,Chimie Orleanaise de Dijon SAS
FR0622,Fabrique Montpelliéraine SA
FR0623,Société Montpelliéraine de Caen SCS
FR0624,Ateliers Générale SAS
FR0625,Textile Grenobloise de Perpignan SARL
FR0626,Alimentaire Rennes SA
FR0627,Entreprise Annecy SNC
FR0628,Industrie Toulousaine de Orléans GIE
FR0629,Céramique Générale GIE
FR0630,Ferroviaire Durable de Strasbourg EURL
FR0631,Société Grenoble SA
FR0632,Ateliers Nantaise SCS
FR0633,Entreprise Innovante de Grenoble SARL
FR0634,Ferroviaire Nancy GIE
FR0635,Automobile Grenobloise de Toulouse SA
FR0636,Céramique Fiable de Saint-Étienne SE
FR0637,Mécanique Toulouse EURL
FR0638,Énergie Montpellier SA
FR0639,Compagnie Lille SCOP
FR0640,Solutions Grenobloise SNC
FR0641,Verre Spécialisée SCOP
FR0642,Bois Montpelliéraine SCS
FR0643,Société Orléans SCOP
FR0644,Métallurgie Durable de Nantes SA
FR0645,Compagnie Performante de Annecy SCS
FR0646,Services Innovante de Perpignan SA
FR0647,Ferroviaire Amiens EURL
FR0648,Verre Marseillaise de Tours SE
FR0649,Production Bordelaise SCOP
FR0650,Solutions Dijonnaise de Paris SAS
FR0651,Automobile Dijonnaise SAS
FR0652,Entreprise Strasbourgeoise GIE
FR0653,Métallurgie Industrielle de Caen SCOP
FR0654,Céramique Nantes GIE
FR0655,Ateliers Annecy SARL
FR0656,Chimie Moderne de Dijon SNC
FR0657,Ferroviaire Marseillaise de Rennes SAS
FR0658,Verre Marseillaise de Mulhouse GIE
FR0659,Groupe Spécialisée SNC
FR0660,Électronique Angevine de Perpignan SNC
FR0661,Ateliers Orleanaise SAS
FR0662,Textile Brestoise GIE
FR0663,Solutions Moderne SCOP
FR0664,Groupe Technique de Marseille SAS
FR0665,Fabrique Strasbourg SA
FR0666,Innovation Toulousaine de Paris EURL
FR0667,Innovation Brestoise SCS
FR0668,Usines Efficace de Bordeaux SA
FR0669,Technologie Spécialisée de Montpellier SE
FR0670,Développement Rouen SARL
FR0671,Groupe Besançon EURL
FR0672,Services Efficace de Rennes EURL
FR0673,Industrie Nancy SAS
FR0674,Industrie Orleanaise SNC
FR0675,Métallurgie Avancée GIE
FR0676,Naval Angevine de Perpignan SE
FR0677,Industrie Technique de Brest SCS
FR0678,Électronique Amiens SARL
FR0679,Métallurgie Besançon SCS
FR0680,Électronique Dijonnaise de Limoges SAS
FR0681,Verre Metz SCS
FR0682,Manufacture Rouen SCOP
FR0683,Céramique Saint-Étienne GIE
FR0684,Innovation Européenne de Metz EURL
FR0685,Chimie Besançon SNC
FR0686,Technologie Amiens SARL
FR0687,Développement Innovante de Metz SAS
FR0688,Services Continentale EURL
FR0689,Alimentaire Tours SNC
FR0690,Usines Spécialisée de Besançon SA
FR0691,Entreprise Limoges EURL
FR0692,Bois Clermont SNC
FR0693,Production Rennaise de Grenoble EURL
FR0694,Naval Rouennaise de Besançon SCS
FR0695,Énergie Européenne SAS
FR0696,Métallurgie Clermontoise SAS
FR0697,Compagnie Rennaise GIE
FR0698,Ferroviaire Nationale de Paris SA
FR0699,Industrie Lille SE
FR0700,Industrie Dynamique EURL
FR0701,Fabrique Lilloise GIE
FR0702,Société Angevine de Orléans SNC
FR0703,Alimentaire Avancée SAS
FR0704,Innovation Lyon GIE
FR0705,Fabrique Clermontoise SA
FR0706,Société Nationale SNC
FR0707,Groupe Performante SARL
FR0708,Usines Dijon SCOP
FR0709,Développement Spécialisée de Lille SAS
FR0710,Électronique Moderne de Metz SARL
FR0711,Fabrique Moderne SARL
FR0712,Usines Lilloise de Lille SCOP
FR0713,Innovation Rouen GIE
FR0714,Énergie Grenoble SCOP
FR0715,Industrie Caen SARL
FR0716,Énergie Rouennaise de Toulon SARL
FR0717,Ateliers Limogeaude EURL
FR0718,Naval Perpignan SARL
FR0719,Société Tourangelle SCS
FR0720,Usines Lilloise de Lyon SA
FR0721,Système Européenne de Mulhouse SCS
FR0722,Compagnie Strasbourg SCS
FR0723,Verre Intégrée de Perpignan SNC
FR0724,Céramique Toulouse SAS
FR0725,Groupe Grenobloise SARL
FR0726,Aéronautique Montpelliéraine GIE
FR0727,Fabrique Spécialisée SCOP
FR0728,Entreprise Limogeaude de Lyon SCS
FR0729,Services Performante de Limoges SCS
FR0730,Ateliers Avancée de Amiens EURL
FR0731,Bois Rouennaise SE
FR0732,Système Technique SCOP
FR0733,Énergie Française EURL
FR0734,Services Innovante GIE
FR0735,Aéronautique Durable SCOP
FR0736,Usines Générale SA
FR0737,Industrie Strasbourgeoise SNC
FR0738,Naval Perpignan SCS
FR0739,Services Intégrée de Brest SCS
FR0740,Plastique Nouvelle SARL
FR0741,Alimentaire Continentale de Brest SNC
FR0742,Société Grenobloise de Nantes SCOP
FR0743,Céramique Angers SNC
FR0744,Usines Internationale EURL
FR0745,Alimentaire Lilloise de Paris GIE
FR0746,Usines Nouvelle de Metz SCOP
FR0747,Énergie Saint-Étienne SE
FR0748,Automobile Qualité de Caen SCOP
FR0749,Technologie Fiable SAS
FR0750,Textile Technique de Clermont GIE
FR0751,Consulting Brestoise GIE
FR0752,Fabrique Rennaise de Angers GIE
FR0753,Électronique Fiable de Besançon SE
FR0754,Solutions Dijonnaise de Angers EURL
FR0755,Fabrique Créative de Limoges SAS
FR0756,Usines Continentale de Amiens SE
FR0757,Céramique Efficace SE
FR0758,Industrie Industrielle SARL
FR0759,Groupe Dijonnaise de Toulon SNC
FR0760,Développement Rouennaise SA
FR0761,Société Continentale de Toulouse SCOP
FR0762,Services Dijon SE
FR0763,Mécanique Fiable SA
FR0764,Textile Innovante SA
FR0765,Aéronautique Orleanaise de Toulon SCS
FR0766,Innovation Orléans SNC
FR0767,Entreprise Montpelliéraine SAS
FR0768,Automobile Rennes SE
FR0769,Développement Lyonnaise SCS
FR0770,Production Française de Toulon SA
FR0771,Électronique Montpellier SE
FR0772,Textile Industrielle de Strasbourg EURL
FR0773,Système Moderne SE
FR0774,Solutions Performante SCS
FR0775,Ferroviaire Innovante SA
FR0776,Consulting Marseillaise de Dijon SCS
FR0777,Bois Saint-Étienne SE
FR0778,Plastique Technique SE
FR0779,Innovation Française SE
FR0780,Industrie Dynamique de Lille SARL
FR0781,Automobile Lilloise de Brest EURL
FR0782,Automobile Créative SARL
FR0783,Alimentaire Marseille SARL
FR0784,Développement Innovante de Tours SARL
FR0785,Céramique Nationale SCOP
FR0786,Bois Brest SARL
FR0787,Entreprise Qualité SA
FR0788,Hydraulique Lilloise de Annecy SNC
FR0789,Mécanique Nouvelle GIE
FR0790,Système Commerciale de Nantes EURL
FR0791,Mécanique Dynamique de Rouen SAS
FR0792,Plastique Lyonnaise SE
FR0793,Industrie Durable GIE
FR0794,Solutions Continentale de Clermont EURL
FR0795,Production Grenobloise SAS
FR0796,Usines Montpelliéraine de Besançon SA
FR0797,Naval Marseille SE
FR0798,Entreprise Limogeaude SARL
FR0799,Alimentaire Continentale SAS
FR0800,Entreprise Dijonnaise de Amiens SCS
FR0801,Électronique Fiable de Tours SAS
FR0802,Automobile Grenoble SA
FR0803,Services Créative GIE
FR0804,Alimentaire Spécialisée SCOP
FR0805,Ateliers Perpignan SARL
FR0806,Fabrique Commerciale de Rennes EURL
FR0807,Entreprise Nancy SE
FR0808,Verre Caen EURL
FR0809,Développement Commerciale SE
FR0810,Verre Orleanaise de Nantes SNC
FR0811,Verre Régionale de Lyon SE
FR0812,Système Orléans SAS
FR0813,Production Paris SCS
FR0814,Énergie Orleanaise SARL
FR0815,Solutions Industrielle SCS
FR0816,Société Marseillaise de Toulouse SCS
FR0817,Métallurgie Tours SE
FR0818,Bois Limoges SARL
FR0819,Services Industrielle GIE
FR0820,Ferroviaire Excellence SA
FR0821,Services Nancy SE
FR0822,Production Montpelliéraine de Montpellier SAS
FR0823,Services Saint-Étienne SCS
FR0824,Ferroviaire Tours EURL
FR0825,Céramique Paris EURL
FR0826,Système Rennaise SE
FR0827,Système Limogeaude de Limoges SAS
FR0828,Manufacture Marseille SNC
FR0829,Ferroviaire Spécialisée de Bordeaux SAS
FR0830,Technologie Rennes SE
FR0831,Alimentaire Intégrée SARL
FR0832,Manufacture Dijonnaise de Besançon SE
FR0833,Production Excellence de Strasbourg SARL
FR0834,Société Toulon SE
FR0835,Ferroviaire Performante de Mulhouse SAS
FR0836,Automobile Industrielle de Montpellier GIE
FR0837,Automobile Orleanaise SCOP
FR0838,Ateliers Avancée SAS
FR0839,Compagnie Clermont SE
FR0840,Industrie Lyonnaise SE
FR0841,Solutions Fiable SCS
FR0842,Développement Limogeaude de Clermont SE
FR0843,Verre Clermontoise GIE
FR0844,Plastique Amiens SE
FR0845,Électronique Durable de Toulon SCS
FR0846,Usines Orleanaise SCOP
FR0847,Solutions Technique de Annecy GIE
FR0848,Groupe Nancy GIE
FR0849,Compagnie Rouennaise SCOP
FR0850,Développement Orleanaise de Marseille SCS
FR0851,Verre Précision de Rouen SE
FR0852,Technologie Orléans SCOP
FR0853,Mécanique Dijonnaise de Annecy SA
FR0854,Services Metz SAS
FR0855,Consulting Strasbourg SA
FR0856,Métallurgie Internationale de Metz SCS
FR0857,Industrie Brest SARL
FR0858,Chimie Continentale SNC
FR0859,Verre Rennes SA
FR0860,Hydraulique Lilloise SE
FR0861,Usines Technique de Mulhouse SNC
FR0862,Développement Fiable de Dijon SCOP
FR0863,Alimentaire Intégrée SCOP
FR0864,Usines Limogeaude de Dijon SARL
FR0865,Services Française GIE
FR0866,Développement Amiénoise de Marseille SNC
FR0867,Alimentaire Caen SE
FR0868,Textile Continentale EURL
FR0869,Innovation Générale de Bordeaux EURL
FR0870,Solutions Perpignan EURL
FR0871,Chimie Rouennaise de Toulouse SARL
FR0872,Énergie Précision de Toulon SA
FR0873,Ferroviaire Régionale de Amiens SCS
FR0874,Métallurgie Générale SAS
FR0875,Services Durable SAS
FR0876,Société Technique de Dijon SCS
FR0877,Naval Bordelaise SE
FR0878,Solutions Nationale de Grenoble SARL
FR0879,Technologie Bordeaux SNC
FR0880,Alimentaire Régionale SAS
FR0881,Plastique Régionale de Rennes GIE
FR0882,Services Annecy SNC
FR0883,Automobile Nationale de Nantes EURL
FR0884,Ferroviaire Lyonnaise de Clermont SAS
FR0885,Textile Générale de Rennes SNC
FR0886,Verre Paris SAS
FR0887,Développement Spécialisée SARL
FR0888,Plastique Innovante SE
FR0889,Céramique Bordelaise de Besançon SCS
FR0890,Technologie Tourangelle SCS
FR0891,Aéronautique Angers GIE
FR0892,Production Grenobloise de Clermont SCS
FR0893,Entreprise Grenoble SAS
FR0894,Textile Reims SNC
FR0895,Verre Brestoise SCOP
FR0896,Aéronautique Moderne SAS
FR0897,Consulting Performante SNC
FR0898,Système Toulouse SARL
FR0899,Ferroviaire Innovante de Lyon SA
FR0900,Compagnie Angers SNC
FR0901,Bois Angevine EURL
FR0902,Fabrique Perpignan SE
FR0903,Société Performante de Besançon SCS
FR0904,Naval Commerciale de Brest SNC
FR0905,Technologie Qualité de Nancy SCOP
FR0906,Automobile Industrielle SE
FR0907,Services Strasbourgeoise SCOP
FR0908,Électronique Lyonnaise de Limoges SA
FR0909,Chimie Brest SCOP
FR0910,Énergie Spécialisée de Lyon SNC
FR0911,Services Montpellier SE
FR0912,Automobile Internationale de Strasbourg EURL
FR0913,Bois Orleanaise SNC
FR0914,Métallurgie Annecy SE
FR0915,Innovation Nantes SAS
FR0916,Naval Précision SCOP
FR0917,Textile Parisienne SAS
FR0918,Ateliers Tourangelle de Nantes SNC
FR0919,Services Strasbourgeoise SAS
FR0920,Électronique Générale SCS
FR0921,Compagnie Rouennaise SA
FR0922,Ferroviaire Montpelliéraine de Mulhouse EURL
FR0923,Industrie Bordelaise EURL
FR0924,Société Dijonnaise de Saint-Étienne SCOP
FR0925,Solutions Spécialisée de Metz GIE
FR0926,Système Dynamique de Saint-Étienne SA
FR0927,Développement Spécialisée SNC
FR0928,Solutions Bordelaise EURL
FR0929,Métallurgie Qualité SARL
FR0930,Société Qualité SCOP
FR0931,Compagnie Amiens SAS
FR0932,Alimentaire Dynamique SA
FR0933,Ateliers Rennaise de Bordeaux SCOP
FR0934,Chimie Nouvelle EURL
FR0935,Fabrique Limogeaude de Amiens SA
FR0936,Énergie Dijonnaise de Brest SAS
FR0937,Métallurgie Strasbourg SE
FR0938,Production Perpignan SNC
FR0939,Plastique Intégrée SA
FR0940,Technologie Parisienne SCS
FR0941,Entreprise Performante de Perpignan SE
FR0942,Énergie Angers SAS
FR0943,Céramique Toulouse SCS
FR0944,Entreprise Marseillaise SAS
FR0945,Énergie Dijonnaise de Paris SARL
FR0946,Énergie Industrielle de Paris SNC
FR0947,Entreprise Lyonnaise de Nancy EURL
FR0948,Compagnie Intégrée de Montpellier SA
FR0949,Céramique Régionale de Perpignan SA
FR0950,Entreprise Angevine SARL
FR0951,Services Lille GIE
FR0952,Consulting Durable SAS
FR0953,Ateliers Dynamique de Metz SCS
FR0954,Ateliers Grenobloise SAS
FR0955,Système Commerciale SCOP
FR0956,Textile Régionale de Toulon GIE
FR0957,Textile Excellence EURL
FR0958,Développement Régionale SCOP
FR0959,Société Limoges SA
FR0960,Électronique Bordeaux SNC
FR0961,Textile Parisienne de Caen SNC
FR0962,Production Lilloise SA
FR0963,Plastique Bordeaux EURL
FR0964,Électronique Strasbourgeoise de Tours GIE
FR0965,Textile Spécialisée de Amiens SAS
FR0966,Ateliers Excellence de Paris SNC
FR0967,Compagnie Toulousaine SCS
FR0968,Usines Orleanaise SA
FR0969,Électronique Industrielle SA
FR0970,Hydraulique Nantes EURL
FR0971,Verre Marseille SE
FR0972,Mécanique Internationale SAS
FR0973,Groupe Rennes GIE
FR0974,Hydraulique Toulon SAS
FR0975,Innovation Générale de Nancy GIE
FR0976,Consulting Amiénoise SARL
FR0977,Compagnie Bordelaise GIE
FR0978,Chimie Excellence de Toulon SA
FR0979,Aéronautique Orléans SAS
FR0980,Services Dijonnaise de Nantes SCS
FR0981,Usines Toulousaine de Angers EURL
FR0982,Mécanique Lyonnaise SCS
FR0983,Ferroviaire Parisienne SCS
FR0984,Développement Innovante SCOP
FR0985,Manufacture Paris SE
FR0986,Groupe Tourangelle EURL
FR0987,Naval Créative SA
FR0988,Plastique Lilloise de Rouen SA
FR0989,Services Reims SE
FR0990,Textile Marseille SE
FR0991,Hydraulique Intégrée SE
FR0992,Électronique Européenne SCOP
FR0993,Chimie Continentale de Bordeaux SNC
FR0994,Métallurgie Toulousaine de Mulhouse SNC
FR0995,Manufacture Bordeaux SNC
FR0996,Verre Performante de Marseille SAS
FR0997,Services Tours EURL
FR0998,Électronique Excellence SCS
FR0999,Fabrique Qualité de Metz SE
FR1000,Électronique Caen SE
FR1001,Production Grenoble SAS
FR1002,Usines Montpelliéraine de Perpignan SCS
FR1003,Textile Moderne de Rouen GIE
FR1004,Métallurgie Toulouse EURL
FR1005,Manufacture Précision SNC
FR1006,Services Montpellier SA
FR1007,Ferroviaire Rennaise de Besançon SE
FR1008,Plastique Montpelliéraine GIE
FR1009,Services Marseillaise de Toulon GIE
FR1010,Céramique Toulon EURL
FR1011,Technologie Nouvelle SCOP
FR1012,Consulting Toulon GIE
FR1013,Bois Française de Angers GIE
FR1014,Société Industrielle de Orléans SARL
FR1015,Consulting Industrielle SE
FR1016,Bois Lille SA
FR1017,Verre Orléans SNC
FR1018,Mécanique Précision SA
FR1019,Aéronautique Toulouse SE
FR1020,Fabrique Internationale GIE
FR1021,Innovation Intégrée de Rennes SARL
FR1022,Système Bordelaise de Toulouse SARL
FR1023,Compagnie Industrielle de Saint-Étienne GIE
FR1024,Système Dijon SE
FR1025,Système Européenne SAS
FR1026,Groupe Moderne de Rouen SNC
FR1027,Mécanique Dynamique de Toulouse SAS
FR1028,Industrie Précision de Lyon SNC
FR1029,Industrie Bordeaux SCOP
FR1030,Ferroviaire Orléans GIE
FR1031,Industrie Amiénoise de Rennes SE
FR1032,Solutions Nantes SAS
FR1033,Chimie Besançon SAS
FR1034,Électronique Paris SARL
FR1035,Technologie Grenobloise de Angers SNC
FR1036,Technologie Caen SCS
FR1037,Électronique Française SCS
FR1038,Automobile Innovante SARL
FR1039,Métallurgie Européenne de Clermont SE
FR1040,Groupe Lilloise de Marseille SE
FR1041,Mécanique Avancée de Rennes SCS
FR1042,Chimie Rennaise SCOP
FR1043,Technologie Reims EURL
FR1044,Innovation Lyonnaise de Lyon SARL
FR1045,Solutions Clermont GIE
FR1046,Chimie Innovante de Lyon EURL
FR1047,Développement Nantaise SNC
FR1048,Industrie Bordelaise de Grenoble SCS
FR1049,Manufacture Montpelliéraine de Grenoble EURL
FR1050,Ferroviaire Nancy SA
FR1051,Production Dynamique de Mulhouse SCOP
FR1052,Naval Moderne de Perpignan SA
FR1053,Textile Lyon SE
FR1054,Alimentaire Nantes SARL
FR1055,Manufacture Européenne GIE
FR1056,Bois Montpelliéraine SARL
FR1057,Textile Clermont SNC
FR1058,Consulting Régionale SCOP
FR1059,Électronique Montpelliéraine de Montpellier SARL
FR1060,Compagnie Nouvelle de Lyon SE
FR1061,Production Dijonnaise de Caen SCS
FR1062,Électronique Française de Toulon SAS
FR1063,Fabrique Clermontoise de Orléans SA
FR1064,Usines Caen SNC
FR1065,Compagnie Mulhouse SCOP
FR1066,Électronique Parisienne SNC
FR1067,Innovation Tourangelle SNC
FR1068,Usines Strasbourg SAS
FR1069,Industrie Limoges SE
FR1070,Chimie Rennes SCS
FR1071,Mécanique Strasbourg EURL
FR1072,Alimentaire Paris SCOP
FR1073,Ferroviaire Efficace SA
FR1074,Verre Montpelliéraine SCOP
FR1075,Innovation Performante de Marseille SE
FR1076,Naval Durable de Marseille SAS
FR1077,Naval Lilloise de Rouen SCOP
FR1078,Naval Bordeaux EURL
FR1079,Développement Régionale de Strasbourg GIE
FR1080,Textile Lyon SCOP
FR1081,Usines Continentale SCOP
FR1082,Chimie Limoges SAS
FR1083,Ateliers Nancy SE
FR1084,Électronique Commerciale SCOP
FR1085,Consulting Innovante SAS
FR1086,Automobile Avancée SCS
FR1087,Entreprise Durable SCOP
FR1088,Ateliers Nouvelle SAS
FR1089,Ateliers Efficace de Grenoble GIE
FR1090,Compagnie Clermontoise de Mulhouse SAS
FR1091,Industrie Rouennaise SAS
FR1092,Aéronautique Dijonnaise EURL
FR1093,Électronique Avancée de Marseille SCS
FR1094,Hydraulique Besançon SAS
FR1095,Plastique Innovante de Lyon SA
FR1096,Chimie Besançon SNC
FR1097,Automobile Fiable GIE
FR1098,Bois Avancée SE
FR1099,Innovation Innovante de Perpignan GIE
FR1100,Production Nantes SAS
FR1101,Manufacture Rouennaise de Metz SCOP
FR1102,Compagnie Rennaise de Besançon GIE
FR1103,Automobile Précision de Orléans SAS
FR1104,Aéronautique Bordeaux SCS
FR1105,Industrie Durable de Besançon SCOP
FR1106,Métallurgie Moderne de Tours SE
FR1107,Ferroviaire Régionale de Tours SARL
FR1108,Production Industrielle de Orléans SNC
FR1109,Compagnie Amiénoise de Nancy SCOP
FR1110,Entreprise Efficace de Annecy SE
FR1111,Alimentaire Commerciale de Amiens SA
FR1112,Alimentaire Annecy SCS
FR1113,Système Marseillaise SNC
FR1114,Ferroviaire Tours SAS
FR1115,Mécanique Précision SA
FR1116,Entreprise Brestoise SNC
FR1117,Développement Angers SARL
FR1118,Production Performante SCOP
FR1119,Consulting Générale SAS
FR1120,Compagnie Rouennaise de Perpignan SAS
FR1121,Bois Amiénoise SCOP
FR1122,Chimie Toulousaine SNC
FR1123,Naval Internationale de Rouen SCOP
FR1124,Services Amiens GIE
FR1125,Automobile Lyonnaise SNC
FR1126,Textile Industrielle de Toulouse SA
FR1127,Automobile Grenoble SNC
FR1128,Ateliers Limogeaude de Orléans GIE
FR1129,Innovation Industrielle SCS
FR1130,Industrie Perpignan SA
FR1131,Céramique Lilloise SE
FR1132,Mécanique Paris EURL
FR1133,Compagnie Toulousaine de Angers EURL
FR1134,Usines Strasbourgeoise de Dijon SAS
FR1135,Technologie Rennes SAS
FR1136,Entreprise Dynamique de Caen SCOP
FR1137,Textile Toulon SAS
FR1138,Groupe Nationale GIE
FR1139,Développement Montpelliéraine de Marseille SCOP
FR1140,Verre Toulouse SCOP
FR1141,Automobile Clermontoise SARL
FR1142,Société Nantaise de Tours SARL
FR1143,Manufacture Générale de Nancy SAS
FR1144,Bois Brestoise SAS
FR1145,Industrie Technique de Amiens SCOP
FR1146,Entreprise Commerciale de Lyon EURL
FR1147,Ferroviaire Bordelaise SE
FR1148,Électronique Internationale de Nancy SA
FR1149,Plastique Commerciale de Marseille SCS
FR1150,Mécanique Créative de Strasbourg EURL
FR1151,Innovation Mulhouse GIE
FR1152,Chimie Générale de Mulhouse SARL
FR1153,Fabrique Marseillaise de Lyon EURL
FR1154,Énergie Nationale SARL
FR1155,Aéronautique Grenoble SA
FR1156,Société Internationale de Lille SARL
FR1157,Naval Efficace SE
FR1158,Entreprise Marseillaise SAS
FR1159,Société Lyon SAS
FR1160,Groupe Angevine de Orléans SARL
FR1161,Entreprise Lilloise de Amiens SARL
FR1162,Entreprise Dijonnaise de Grenoble GIE
FR1163,Verre Française SARL
FR1164,Solutions Grenoble SAS
FR1165,Métallurgie Rouennaise de Strasbourg GIE
FR1166,Aéronautique Nantes SA
FR1167,Bois Grenobloise SA
FR1168,Technologie Strasbourgeoise de Clermont SNC
FR1169,Ferroviaire Lille SAS
FR1170,Métallurgie Clermont SCOP
FR1171,Technologie Angers SA
FR1172,Énergie Précision SARL
FR1173,Céramique Bordeaux SE
FR1174,Ateliers Précision de Besançon SCS
FR1175,Services Rennes EURL
FR1176,Usines Amiens SCOP
FR1177,Société Rouen SCS
FR1178,Développement Paris SCOP
FR1179,Groupe Commerciale SAS
FR1180,Usines Nantaise de Saint-Étienne EURL
FR1181,Céramique Dijonnaise SCS
FR1182,Ateliers Besançon GIE
FR1183,Services Nantaise de Tours SCOP
FR1184,Production Clermontoise SCOP
FR1185,Innovation Rennes SCS
FR1186,Fabrique Rennes SA
FR1187,Naval Intégrée GIE
FR1188,Mécanique Excellence de Annecy SAS
FR1189,Système Besançon SE
FR1190,Céramique Industrielle de Besançon SCOP
FR1191,Naval Brestoise de Saint-Étienne SA
FR1192,Consulting Tours GIE
FR1193,Production Durable SA
FR1194,Ferroviaire Technique SA
FR1195,Ateliers Bordeaux SCOP
FR1196,Industrie Lille GIE
FR1197,Mécanique Amiénoise SARL
FR1198,Naval Durable SA
FR1199,Verre Montpelliéraine de Nancy SCS
FR1200,Entreprise Limoges SCS
FR1201,Automobile Brestoise de Tours SE
FR1202,Compagnie Précision de Saint-Étienne SCS
FR1203,Plastique Toulousaine de Dijon SARL
FR1204,Plastique Régionale SAS
FR1205,Solutions Rennaise de Bordeaux SCS
FR1206,Solutions Orleanaise de Montpellier SCS
FR1207,Automobile Brestoise SA
FR1208,Hydraulique Industrielle de Amiens SARL
FR1209,Mécanique Nouvelle de Annecy SCS
FR1210,Entreprise Marseille SCOP
FR1211,Technologie Toulouse SARL
FR1212,Usines Amiens SAS
FR1213,Solutions Industrielle de Rouen SA
FR1214,Fabrique Spécialisée de Clermont SCS
FR1215,Mécanique Dijonnaise SARL
FR1216,Alimentaire Moderne SCS
FR1217,Aéronautique Tours SNC
FR1218,Électronique Grenobloise de Bordeaux SNC
FR1219,Groupe Rouennaise SCS
FR1220,Système Commerciale de Strasbourg SNC
FR1221,Production Toulouse EURL
FR1222,Textile Orléans SAS
FR1223,Technologie Reims SE
FR1224,Textile Continentale de Montpellier SAS
FR1225,Électronique Bordelaise de Dijon SA
FR1226,Naval Française de Lyon SAS
FR1227,Hydraulique Européenne de Amiens SNC
FR1228,Production Durable de Grenoble SCOP
FR1229,Société Rennaise SE
FR1230,Services Nouvelle de Marseille SCS
FR1231,Innovation Qualité de Bordeaux SE
FR1232,Innovation Parisienne de Brest SARL
FR1233,Compagnie Technique de Lille GIE
FR1234,Hydraulique Dijon SCS
FR1235,Automobile Montpellier GIE
FR1236,Chimie Continentale SNC
FR1237,Aéronautique Rouen SCOP
FR1238,Automobile Moderne SAS
FR1239,Solutions Angevine SCOP
FR1240,Bois Strasbourgeoise SA
FR1241,Technologie Innovante de Reims SCOP
FR1242,Innovation Montpelliéraine GIE
FR1243,Électronique Qualité SNC
FR1244,Manufacture Lyonnaise de Rennes SAS
FR1245,Ferroviaire Clermont SNC
FR1246,Consulting Toulon SARL
FR1247,Entreprise Excellence SCS
FR1248,Développement Dynamique SCOP
FR1249,Manufacture Tours SAS
FR1250,Textile Montpellier SAS
FR1251,Métallurgie Régionale GIE
FR1252,Mécanique Tourangelle de Nancy SE
FR1253,Technologie Lilloise SAS
FR1254,Électronique Brestoise SCS
FR1255,Production Limoges SAS
FR1256,Énergie Moderne SCS
FR1257,Production Perpignan EURL
FR1258,Usines Caen SCOP
FR1259,Fabrique Parisienne SCOP
FR1260,Aéronautique Excellence SE
FR1261,Électronique Bordeaux SARL
FR1262,Production Rouen EURL
FR1263,Fabrique Strasbourgeoise GIE
FR1264,Manufacture Paris GIE
FR1265,Société Tours SE
FR1266,Usines Limogeaude SA
FR1267,Ateliers Bordelaise EURL
FR1268,Chimie Parisienne de Nantes SARL
FR1269,Chimie Continentale de Besançon SAS
FR1270,Consulting Technique de Toulouse SARL
FR1271,Solutions Dijonnaise de Strasbourg SNC
FR1272,Ateliers Clermontoise SE
FR1273,Technologie Nouvelle de Strasbourg SARL
FR1274,Automobile Clermontoise de Bordeaux SE
FR1275,Textile Bordelaise SCOP
FR1276,Plastique Saint-Étienne SE
FR1277,Textile Dijon SARL
FR1278,Électronique Efficace SCOP
FR1279,Automobile Dijonnaise SARL
FR1280,Plastique Montpelliéraine SA
FR1281,Aéronautique Toulouse SARL
FR1282,Verre Fiable de Saint-Étienne SARL
FR1283,Entreprise Grenoble EURL
FR1284,Verre Bordelaise EURL
FR1285,Métallurgie Créative de Montpellier GIE
FR1286,Verre Rennes SE
FR1287,Naval Lilloise SARL
FR1288,Fabrique Saint-Étienne SARL
FR1289,Entreprise Générale de Strasbourg SA
FR1290,Production Toulon SARL
FR1291,Énergie Intégrée EURL
FR1292,Développement Commerciale de Annecy SCS
FR1293,Société Avancée de Dijon SARL
FR1294,Aéronautique Paris SA
FR1295,Électronique Clermont SCOP
FR1296,Bois Générale de Tours SARL
FR1297,Ferroviaire Besançon SE
FR1298,Groupe Internationale SNC
FR1299,Chimie Paris SCS
FR1300,Société Rennaise de Montpellier SCS
FR1301,Alimentaire Nationale SARL
FR1302,Chimie Bordeaux EURL
FR1303,Électronique Qualité de Caen SARL
FR1304,Usines Européenne SAS
FR1305,Automobile Durable SE
FR1306,Ferroviaire Qualité SA
FR1307,Ateliers Générale SARL
FR1308,Hydraulique Performante SCS
FR1309,Automobile Dijonnaise de Nancy SCOP
FR1310,Solutions Paris SNC
FR1311,Verre Orleanaise SARL
FR1312,Alimentaire Brestoise SARL
FR1313,Solutions Continentale de Nancy SARL
FR1314,Électronique Grenoble SE
FR1315,Verre Limogeaude de Orléans SE
FR1316,Manufacture Besançon SE
FR1317,Énergie Clermontoise de Rennes SCOP
FR1318,Automobile Limoges SA
FR1319,Naval Rouennaise de Nantes EURL
FR1320,Automobile Moderne SCS
FR1321,Solutions Perpignan SNC
FR1322,Système Dijon EURL
FR1323,Production Dijonnaise SA
FR1324,Énergie Innovante GIE
FR1325,Système Lyon SAS
FR1326,Métallurgie Performante SE
FR1327,Énergie Parisienne SA
FR1328,Électronique Nantaise de Mulhouse GIE
FR1329,Compagnie Bordeaux SAS
FR1330,Hydraulique Bordelaise de Metz SE
FR1331,Développement Générale de Bordeaux SARL
FR1332,Textile Européenne GIE
FR1333,Automobile Toulouse SAS
FR1334,Métallurgie Nouvelle GIE
FR1335,Plastique Fiable SARL
FR1336,Consulting Brestoise SAS
FR1337,Électronique Parisienne de Perpignan SA
FR1338,Groupe Fiable EURL
FR1339,Plastique Efficace de Brest SARL
FR1340,Bois Lyonnaise GIE
FR1341,Compagnie Amiénoise SNC
FR1342,Aéronautique Dynamique de Mulhouse SCS
FR1343,Société Brestoise SARL
FR1344,Céramique Européenne GIE
FR1345,Système Limoges SNC
FR1346,Céramique Excellence de Saint-Étienne SE
FR1347,Groupe Créative de Nancy SAS
FR1348,Industrie Internationale de Nancy EURL
FR1349,Usines Grenobloise de Limoges EURL
FR1350,Fabrique Excellence GIE
FR1351,Fabrique Limogeaude SAS
FR1352,Mécanique Dijonnaise SARL
FR1353,Bois Durable de Lyon EURL
FR1354,Services Lille SCOP
FR1355,Système Toulousaine GIE
FR1356,Compagnie Tours SAS
FR1357,Automobile Toulouse SCOP
FR1358,Solutions Dijonnaise SNC
FR1359,Automobile Perpignan EURL
FR1360,Innovation Moderne SAS
FR1361,Développement Caen SCOP
FR1362,Naval Amiens SA
FR1363,Textile Metz GIE
FR1364,Bois Marseille SNC
FR1365,Groupe Caen SCS
FR1366,Chimie Lyon SA
FR1367,Bois Angevine de Metz GIE
FR1368,Société Rennes SAS
FR1369,Énergie Nantes SCOP
FR1370,Automobile Rouennaise de Toulouse SNC
FR1371,Énergie Brestoise de Caen SCS
FR1372,Développement Précision de Limoges SNC
FR1373,Textile Générale de Brest SAS
FR1374,Aéronautique Nantes EURL
FR1375,Technologie Rennes SCOP
FR1376,Naval Avancée SARL
FR1377,Chimie Innovante de Orléans SCOP
FR1378,Production Marseille SCS
FR1379,Mécanique Montpelliéraine SAS
FR1380,Solutions Qualité SA
FR1381,Entreprise Metz SCOP
FR1382,Alimentaire Parisienne SNC
FR1383,Plastique Qualité SARL
FR1384,Naval Performante SCOP
FR1385,Industrie Européenne SA
FR1386,Fabrique Clermontoise SA
FR1387,Groupe Nantaise SE
FR1388,Technologie Marseille GIE
FR1389,Solutions Grenobloise de Toulon GIE
FR1390,Production Bordelaise de Amiens SNC
FR1391,Électronique Efficace de Montpellier SAS
FR1392,Hydraulique Dijonnaise SCOP
FR1393,Automobile Strasbourgeoise GIE
FR1394,Automobile Strasbourgeoise SA
FR1395,Services Créative de Caen SAS
FR1396,Compagnie Clermont SCOP
FR1397,Ferroviaire Angevine SAS
FR1398,Consulting Industrielle de Rouen GIE
FR1399,Société Technique SARL
FR1400,Développement Tours SNC
FR1401,Hydraulique Parisienne SARL
FR1402,Technologie Internationale de Marseille SA
FR1403,Textile Qualité de Toulon SCOP
FR1404,Développement Lille SAS
FR1405,Développement Efficace SARL
FR1406,Usines Lyonnaise de Nancy SAS
FR1407,Énergie Angevine de Reims SCS
FR1408,Verre Nantes SARL
FR1409,Innovation Bordelaise de Reims SA
FR1410,Solutions Nancy SAS
FR1411,Innovation Strasbourgeoise SNC
FR1412,Manufacture Mulhouse SAS
FR1413,Aéronautique Générale de Lyon SCOP
FR1414,Innovation Tourangelle GIE
FR1415,Automobile Moderne de Saint-Étienne SCOP
FR1416,Mécanique Marseillaise de Dijon SCOP
FR1417,Énergie Limoges SA
FR1418,Textile Innovante SARL
FR1419,Ferroviaire Bordelaise SCOP
FR1420,Automobile Parisienne SAS
FR1421,Aéronautique Orleanaise de Bordeaux SE
FR1422,Naval Rennaise de Saint-Étienne SNC
FR1423,Plastique Angers SAS
FR1424,Compagnie Nantes SCOP
FR1425,Système Excellence de Toulouse SCOP
FR1426,Énergie Angevine de Lille EURL
FR1427,Chimie Metz SCS
FR1428,Hydraulique Marseillaise de Grenoble SARL
FR1429,Usines Amiens EURL
FR1430,Alimentaire Continentale SA
FR1431,Production Fiable de Angers SE
FR1432,Aéronautique Intégrée de Toulouse SARL
FR1433,Ateliers Limoges SA
FR1434,Usines Clermontoise de Strasbourg SCS
FR1435,Hydraulique Générale SARL
FR1436,Fabrique Bordelaise de Orléans EURL
FR1437,Industrie Grenoble SCOP
FR1438,Système Strasbourgeoise SNC
FR1439,Consulting Rouennaise SE
FR1440,Automobile Moderne de Mulhouse GIE
FR1441,Plastique Parisienne de Nantes SCOP
FR1442,Entreprise Strasbourgeoise de Grenoble SCS
FR1443,Automobile Toulon GIE
FR1444,Production Durable de Nancy SA
FR1445,Mécanique Moderne de Mulhouse GIE
FR1446,Électronique Française de Lyon SCS
FR1447,Production Fiable de Orléans GIE
FR1448,Aéronautique Fiable de Mulhouse SCS
FR1449,Innovation Angevine SARL
FR1450,Fabrique Rouen SE
FR1451,Hydraulique Innovante de Limoges SNC
FR1452,Manufacture Tours SE
FR1453,Électronique Avancée de Toulouse SE
FR1454,Développement Montpellier SE
FR1455,Usines Nouvelle SNC
FR1456,Consulting Qualité SE
FR1457,Mécanique Performante de Reims SAS
FR1458,Ateliers Tours SE
FR1459,Plastique Intégrée de Nantes SARL
FR1460,Compagnie Strasbourgeoise SA
FR1461,Aéronautique Nantaise de Metz SCS
FR1462,Verre Limogeaude SCOP
FR1463,Énergie Moderne SAS
FR1464,Naval Rennaise de Besançon SE
FR1465,Naval Saint-Étienne SA
FR1466,Plastique Toulouse GIE
FR1467,Mécanique Nantes SE
FR1468,Électronique Régionale de Rouen SNC
FR1469,Production Qualité GIE
FR1470,Mécanique Clermontoise SAS
FR1471,Chimie Nantaise SA
FR1472,Aéronautique Européenne de Amiens GIE
FR1473,Fabrique Rennaise SE
FR1474,Aéronautique Rouennaise de Marseille SCS
FR1475,Céramique Nationale de Mulhouse EURL
FR1476,Aéronautique Besançon SARL
FR1477,Manufacture Durable de Brest SNC
FR1478,Compagnie Dijonnaise de Tours SE
FR1479,Innovation Mulhouse SE
FR1480,Technologie Annecy SNC
FR1481,Aéronautique Strasbourgeoise de Angers SE
FR1482,Énergie Clermont SCS
FR1483,Manufacture Dijon SCS
FR1484,Usines Strasbourg SE
FR1485,Technologie Limogeaude SARL
FR1486,Système Strasbourg SCS
FR1487,Groupe Angevine GIE
FR1488,Textile Limogeaude GIE
FR1489,Consulting Excellence de Amiens EURL
FR1490,Usines Brestoise SA
FR1491,Ferroviaire Nancy GIE
FR1492,Manufacture Brestoise SE
FR1493,Fabrique Orléans GIE
FR1494,Hydraulique Clermontoise SAS
FR1495,Consulting Commerciale GIE
FR1496,Naval Précision SNC
FR1497,Ferroviaire Brestoise de Perpignan SNC
FR1498,Solutions Rouen SE
FR1499,Entreprise Angevine de Dijon SARL
FR1500,Métallurgie Avancée de Angers EURL
FR1501,Alimentaire Dynamique SNC
FR1502,Textile Européenne EURL
FR1503,Fabrique Créative de Angers SA
FR1504,Technologie Moderne SE
FR1505,Verre Commerciale de Annecy SARL
FR1506,Manufacture Metz SCOP
FR1507,Bois Dijon SCS
FR1508,Industrie Bordelaise SCOP
FR1509,Services Parisienne SNC
FR1510,Compagnie Précision SNC
FR1511,Énergie Régionale de Rennes SA
FR1512,Solutions Lyonnaise EURL
FR1513,Métallurgie Amiens SE
FR1514,Innovation Performante de Marseille SAS
FR1515,Fabrique Limogeaude de Mulhouse EURL
FR1516,Innovation Efficace de Reims SA
FR1517,Naval Lyonnaise de Nancy GIE
FR1518,Textile Rennes GIE
FR1519,Naval Générale de Limoges SCS
FR1520,Services Toulousaine SNC
FR1521,Industrie Grenoble EURL
FR1522,Manufacture Orleanaise GIE
FR1523,Alimentaire Angevine SARL
FR1524,Automobile Perpignan SCS
FR1525,Ateliers Spécialisée de Grenoble EURL
FR1526,Consulting Toulon SCOP
FR1527,Aéronautique Qualité de Marseille SARL
FR1528,Bois Annecy SARL
FR1529,Aéronautique Toulousaine SNC
FR1530,Groupe Innovante SA
FR1531,Céramique Orleanaise de Orléans SA
FR1532,Ateliers Européenne de Orléans SA
FR1533,Ateliers Lilloise de Angers SA
FR1534,Innovation Durable SAS
FR1535,Ferroviaire Strasbourg SCOP
FR1536,Société Toulousaine de Rouen SAS
FR1537,Chimie Toulon SE
FR1538,Ferroviaire Angevine SCS
FR1539,Production Toulousaine de Limoges EURL
FR1540,Groupe Avancée de Lille SCS
FR1541,Innovation Nantaise de Lille SCS
FR1542,Naval Excellence de Besançon SCS
FR1543,Électronique Strasbourg SCS
FR1544,Société Caen EURL
FR1545,Services Fiable EURL
FR1546,Alimentaire Dijon EURL
FR1547,Industrie Régionale de Marseille SA
FR1548,Production Tourangelle de Lille SCOP
FR1549,Plastique Lille SA
FR1550,Technologie Saint-Étienne SNC
FR1551,Consulting Lyon EURL
FR1552,Développement Lilloise SA
FR1553,Usines Européenne EURL
FR1554,Plastique Performante de Limoges SAS
FR1555,Automobile Nantaise SARL
FR1556,Innovation Dijonnaise SE
FR1557,Automobile Caen EURL
FR1558,Innovation Annecy SNC
FR1559,Consulting Besançon SNC
FR1560,Hydraulique Qualité de Lille SCOP
FR1561,Entreprise Grenobloise de Dijon SE
FR1562,Hydraulique Régionale SCOP
FR1563,Plastique Industrielle SCOP
FR1564,Verre Lille SA
FR1565,Innovation Dijon EURL
FR1566,Automobile Nationale SAS
FR1567,Compagnie Rennaise SARL
FR1568,Société Intégrée SE
FR1569,Automobile Moderne SCS
FR1570,Manufacture Bordeaux SCOP
FR1571,Entreprise Continentale de Rouen SARL
FR1572,Compagnie Toulouse EURL
FR1573,Plastique Marseillaise de Lille SE
FR1574,Développement Angevine de Lille SNC
FR1575,Développement Lyonnaise de Rouen SNC
FR1576,Verre Internationale de Amiens SA
FR1577,Production Internationale EURL
FR1578,Services Industrielle de Toulon SE
FR1579,Alimentaire Besançon SCS
FR1580,Céramique Clermontoise SCOP
FR1581,Fabrique Durable SAS
FR1582,Chimie Européenne de Clermont EURL
FR1583,Électronique Française de Tours SA
FR1584,Production Dijon GIE
FR1585,Verre Dijon SE
FR1586,Ateliers Européenne SCOP
FR1587,Ateliers Strasbourg SE
FR1588,Énergie Lille SAS
FR1589,Bois Bordeaux EURL
FR1590,Entreprise Intégrée SA
FR1591,Céramique Toulouse SAS
FR1592,Céramique Spécialisée de Dijon SARL
FR1593,Fabrique Clermontoise de Clermont SNC
FR1594,Système Tours SNC
FR1595,Naval Brestoise EURL
FR1596,Verre Excellence de Limoges EURL
FR1597,Énergie Tours SCOP
FR1598,Compagnie Tourangelle de Montpellier SCOP
FR1599,Électronique Clermont SAS
FR1600,Automobile Intégrée de Caen GIE
FR1601,Ateliers Internationale SA
FR1602,Mécanique Performante de Reims SARL
FR1603,Énergie Moderne SE
FR1604,Ateliers Technique SCS
FR1605,Hydraulique Lyon SCOP
FR1606,Naval Nationale SCS
FR1607,Société Lyonnaise SNC
FR1608,Naval Marseille SCOP
FR1609,Consulting Nouvelle de Amiens SAS
FR1610,Système Strasbourg SARL
FR1611,Verre Grenobloise de Metz SARL
FR1612,Production Strasbourg SCS
FR1613,Société Efficace SE
FR1614,Ateliers Orléans SNC
FR1615,Industrie Toulon GIE
FR1616,Consulting Lille EURL
FR1617,Céramique Parisienne de Grenoble SA
FR1618,Entreprise Orleanaise de Annecy SARL
FR1619,Système Limoges GIE
FR1620,Textile Nancy SE
FR1621,Solutions Clermont GIE
FR1622,Solutions Grenoble SCS
FR1623,Verre Créative SCS
FR1624,Entreprise Performante SNC
FR1625,Solutions Moderne de Toulon SNC
FR1626,Ateliers Commerciale de Rennes SAS
FR1627,Bois Grenoble SAS
FR1628,Textile Performante de Marseille SCOP
FR1629,Aéronautique Nationale de Nancy SE
FR1630,Industrie Orleanaise SA
FR1631,Consulting Angers EURL
FR1632,Fabrique Rouen SCOP
FR1633,Bois Clermontoise de Bordeaux SA
FR1634,Aéronautique Européenne de Rennes SAS
FR1635,Société Industrielle de Nancy GIE
FR1636,Services Bordeaux SCS
FR1637,Groupe Performante de Annecy EURL
FR1638,Bois Industrielle SCS
FR1639,Énergie Nantaise EURL
FR1640,Solutions Rennaise de Strasbourg SARL
FR1641,Solutions Amiénoise SE
FR1642,Système Clermont EURL
FR1643,Consulting Angevine de Tours SNC
FR1644,Métallurgie Spécialisée SARL
FR1645,Aéronautique Avancée de Angers SE
FR1646,Ferroviaire Parisienne de Clermont GIE
FR1647,Électronique Excellence SE
FR1648,Bois Orléans SNC
FR1649,Ferroviaire Nantaise SCS
FR1650,Innovation Lyonnaise de Besançon SA
FR1651,Énergie Internationale GIE
FR1652,Énergie Angevine de Clermont SARL
FR1653,Usines Nationale de Lille SAS
FR1654,Chimie Technique de Nancy SCOP
FR1655,Bois Avancée de Bordeaux EURL
FR1656,Plastique Dynamique SA
FR1657,Naval Rennes SAS
FR1658,Système Toulon SARL
FR1659,Bois Internationale de Limoges SARL
FR1660,Système Avancée de Reims SNC
FR1661,Bois Qualité de Saint-Étienne SNC
FR1662,Compagnie Perpignan SCS
FR1663,Solutions Internationale de Lyon SNC
FR1664,Industrie Lilloise de Toulon SARL
FR1665,Mécanique Avancée de Strasbourg SAS
FR1666,Innovation Générale SAS
FR1667,Solutions Montpelliéraine de Paris EURL
FR1668,Innovation Limogeaude de Orléans GIE
FR1669,Système Strasbourgeoise SNC
FR1670,Alimentaire Parisienne de Amiens EURL
FR1671,Industrie Toulousaine de Toulon SNC
FR1672,Société Lilloise EURL
FR1673,Métallurgie Générale SCOP
FR1674,Plastique Efficace de Grenoble SCS
FR1675,Verre Nationale de Montpellier SA
FR1676,Industrie Intégrée de Saint-Étienne GIE
FR1677,Manufacture Excellence de Besançon SARL
FR1678,Consulting Régionale de Angers SCOP
FR1679,Hydraulique Moderne de Lyon EURL
FR1680,Textile Besançon SCS
FR1681,Textile Efficace SCOP
FR1682,Compagnie Continentale GIE
FR1683,Ateliers Angers SNC
FR1684,Production Paris SE
FR1685,Compagnie Angevine de Besançon SE
FR1686,Usines Bordeaux SE
FR1687,Système Performante de Toulouse SARL
FR1688,Système Toulon GIE
FR1689,Développement Performante de Mulhouse SCOP
FR1690,Énergie Besançon SCS
FR1691,Entreprise Créative de Dijon SCS
FR1692,Bois Créative SE
FR1693,Développement Marseille SNC
FR1694,Alimentaire Qualité de Saint-Étienne EURL
FR1695,Fabrique Française GIE
FR1696,Innovation Nationale de Grenoble GIE
FR1697,Fabrique Industrielle de Toulouse EURL
FR1698,Naval Française de Perpignan SAS
FR1699,Énergie Efficace SCOP
FR1700,Société Excellence de Rouen SCS
FR1701,Métallurgie Durable SCOP
FR1702,Bois Toulousaine SCS
FR1703,Services Fiable SA
FR1704,Énergie Internationale de Perpignan SNC
FR1705,Manufacture Innovante GIE
FR1706,Chimie Internationale GIE
FR1707,Innovation Dijon SE
FR1708,Textile Qualité SA
FR1709,Système Durable SAS
FR1710,Production Clermontoise de Annecy EURL
FR1711,Industrie Régionale de Metz SARL
FR1712,Bois Caen SAS
FR1713,Chimie Paris SAS
FR1714,Hydraulique Créative SCS
FR1715,Verre Toulouse SA
FR1716,Énergie Angevine de Nancy SAS
FR1717,Compagnie Intégrée GIE
FR1718,Industrie Marseille SARL
FR1719,Hydraulique Orleanaise de Tours SA
FR1720,Métallurgie Fiable SARL
FR1721,Automobile Angevine de Toulouse SAS
FR1722,Technologie Internationale de Dijon SA
FR1723,Énergie Nantaise de Perpignan SE
FR1724,Usines Clermontoise de Strasbourg SARL
FR1725,Industrie Innovante SCOP
FR1726,Solutions Créative de Marseille SAS
FR1727,Société Limoges SARL
FR1728,Système Avancée de Bordeaux SA
FR1729,Mécanique Orléans SE
FR1730,Énergie Fiable de Limoges SCS
FR1731,Hydraulique Clermontoise SARL
FR1732,Innovation Rouennaise de Besançon SNC
FR1733,Solutions Rennes SCS
FR1734,Automobile Rennes SE
FR1735,Système Internationale de Marseille SCOP
FR1736,Production Commerciale EURL
FR1737,Innovation Angers SE
FR1738,Production Dijon GIE
FR1739,Consulting Nantaise de Toulouse SNC
FR1740,Céramique Nancy SCS
FR1741,Alimentaire Brestoise SAS
FR1742,Ateliers Nationale de Dijon EURL
FR1743,Usines Montpelliéraine de Saint-Étienne SE
FR1744,Énergie Lilloise de Montpellier SE
FR1745,Métallurgie Mulhouse SARL
FR1746,Textile Nationale de Montpellier SAS
FR1747,Verre Rennes SAS
FR1748,Hydraulique Rouennaise de Nantes SAS
FR1749,Groupe Dynamique de Reims SCS
FR1750,Céramique Intégrée de Orléans SAS
FR1751,Hydraulique Tourangelle de Clermont SNC
FR1752,Services Angevine SARL
FR1753,Compagnie Dynamique de Marseille SARL
FR1754,Système Durable de Marseille SA
FR1755,Énergie Lyonnaise de Metz GIE
FR1756,Ferroviaire Générale de Metz SE
FR1757,Usines Angers SA
FR1758,Industrie Avancée de Saint-Étienne SE
FR1759,Société Excellence de Strasbourg SCOP
FR1760,Services Montpelliéraine de Montpellier SARL
FR1761,Groupe Dijon SCOP
FR1762,Usines Européenne de Perpignan EURL
FR1763,Usines Amiens SNC
FR1764,Solutions Lyonnaise de Lille GIE
FR1765,Hydraulique Marseillaise SCOP
FR1766,Chimie Grenoble SCOP
FR1767,Ateliers Lyonnaise SCS
FR1768,Industrie Amiens GIE
FR1769,Hydraulique Rouennaise GIE
FR1770,Développement Orleanaise SCOP
FR1771,Technologie Commerciale de Toulouse SNC
FR1772,Aéronautique Grenobloise SAS
FR1773,Innovation Rouen EURL
FR1774,Verre Mulhouse SCS
FR1775,Innovation Spécialisée de Toulouse SNC
FR1776,Fabrique Française de Limoges GIE
FR1777,Bois Rennaise SARL
FR1778,Chimie Technique SA
FR1779,Alimentaire Avancée SA
FR1780,Compagnie Angers EURL
FR1781,Hydraulique Montpelliéraine de Rennes EURL
FR1782,Consulting Performante de Lille GIE
FR1783,Ateliers Angers SE
FR1784,Production Orleanaise SARL
FR1785,Innovation Rouennaise GIE
FR1786,Groupe Nationale de Limoges GIE
FR1787,Services Orleanaise de Clermont SCS
FR1788,Groupe Angevine de Rennes SARL
FR1789,Céramique Mulhouse SCS
FR1790,Société Lyonnaise SA
FR1791,Ferroviaire Clermont SARL
FR1792,Énergie Rouen SCS
FR1793,Industrie Efficace SE
FR1794,Plastique Qualité de Angers SE
FR1795,Solutions Qualité GIE
FR1796,Usines Marseillaise de Lille EURL
FR1797,Entreprise Commerciale de Rouen SCS
FR1798,Innovation Paris SAS
FR1799,Céramique Innovante de Mulhouse SNC
FR1800,Chimie Régionale de Nancy SCOP
FR1801,Entreprise Spécialisée de Limoges GIE
FR1802,Manufacture Grenobloise SNC
FR1803,Groupe Fiable EURL
FR1804,Hydraulique Nantaise SAS
FR1805,Bois Lille SNC
FR1806,Système Durable de Tours EURL
FR1807,Hydraulique Intégrée SE
FR1808,Services Brest SNC
FR1809,Services Bordeaux SE
FR1810,Production Brestoise SAS
FR1811,Consulting Toulouse SE
FR1812,Chimie Grenoble SCS
FR1813,Développement Rennaise GIE
FR1814,Groupe Dynamique de Perpignan SA
FR1815,Métallurgie Montpelliéraine de Lyon SNC
FR1816,Ateliers Nancy GIE
FR1817,Solutions Grenoble EURL
FR1818,Verre Rouennaise SCOP
FR1819,Production Amiens SARL
FR1820,Technologie Montpelliéraine de Tours EURL
FR1821,Mécanique Parisienne de Strasbourg SNC
FR1822,Innovation Nantaise SAS
FR1823,Verre Lilloise de Nantes SE
FR1824,Ateliers Lyon GIE
FR1825,Industrie Nantes SA
FR1826,Compagnie Brestoise de Nancy SAS
FR1827,Industrie Lilloise de Saint-Étienne SE
FR1828,Compagnie Dijonnaise de Amiens SAS
FR1829,Système Amiens SCS
FR1830,Groupe Commerciale SNC
FR1831,Société Rouen SE
FR1832,Céramique Caen SA
FR1833,Services Avancée GIE
FR1834,Bois Amiens SARL
FR1835,Usines Orleanaise de Rouen SARL
FR1836,Usines Mulhouse SARL
FR1837,Production Montpelliéraine GIE
FR1838,Automobile Rouennaise SNC
FR1839,Ateliers Brestoise SCOP
FR1840,Entreprise Lyonnaise SAS
FR1841,Bois Perpignan SCOP
FR1842,Automobile Brestoise SAS
FR1843,Bois Continentale de Amiens SCS
FR1844,Céramique Excellence de Nantes SCS
FR1845,Consulting Nationale de Brest GIE
FR1846,Services Nationale de Tours SARL
FR1847,Services Fiable SARL
FR1848,Manufacture Régionale de Amiens SE
FR1849,Groupe Continentale de Besançon SCS
FR1850,Fabrique Tourangelle de Nantes SCOP
FR1851,Céramique Perpignan EURL
FR1852,Fabrique Bordelaise de Dijon SAS
FR1853,Automobile Reims SA
FR1854,Entreprise Lyon SAS
FR1855,Production Marseille EURL
FR1856,Céramique Rouennaise de Amiens SAS
FR1857,Électronique Spécialisée de Saint-Étienne GIE
FR1858,Industrie Nantes SARL
FR1859,Société Limoges SAS
FR1860,Verre Avancée SCOP
FR1861,Hydraulique Angevine EURL
FR1862,Compagnie Industrielle GIE
FR1863,Groupe Orleanaise de Strasbourg GIE
FR1864,Entreprise Fiable de Amiens SCOP
FR1865,Bois Grenobloise SA
FR1866,Métallurgie Lilloise de Marseille SARL
FR1867,Alimentaire Rouen EURL
FR1868,Ateliers Angers EURL
FR1869,Électronique Dijonnaise SE
FR1870,Métallurgie Strasbourgeoise SA
FR1871,Groupe Rouen SARL
FR1872,Chimie Limoges GIE
FR1873,Verre Continentale SAS
FR1874,Hydraulique Lilloise SE
FR1875,Bois Rouen SA
FR1876,Naval Reims SARL
FR1877,Solutions Efficace de Toulon SAS
FR1878,Hydraulique Industrielle SE
FR1879,Fabrique Européenne de Montpellier SNC
FR1880,Société Bordeaux GIE
FR1881,Entreprise Rouennaise SCOP
FR1882,Électronique Amiens SARL
FR1883,Textile Strasbourg SNC
FR1884,Plastique Marseille SARL
FR1885,Naval Limogeaude SCOP
FR1886,Fabrique Bordelaise SCOP
FR1887,Céramique Précision de Orléans SAS
FR1888,Textile Régionale SARL
FR1889,Société Précision de Saint-Étienne SA
FR1890,Industrie Rouennaise de Rouen SARL
FR1891,Entreprise Orleanaise GIE
FR1892,Naval Intégrée SE
FR1893,Technologie Lilloise GIE
FR1894,Entreprise Française de Angers SCS
FR1895,Ferroviaire Orléans SNC
FR1896,Production Nancy SAS
FR1897,Société Excellence GIE
FR1898,Automobile Paris EURL
FR1899,Manufacture Rennes GIE
FR1900,Technologie Marseille SAS
FR1901,Compagnie Angevine SCOP
FR1902,Développement Montpelliéraine SA
FR1903,Électronique Grenobloise EURL
FR1904,Système Fiable de Montpellier GIE
FR1905,Industrie Innovante de Marseille EURL
FR1906,Production Lyon SCS
FR1907,Naval Rouennaise de Besançon SCOP
FR1908,Céramique Saint-Étienne SE
FR1909,Aéronautique Rennaise SCOP
FR1910,Solutions Dijonnaise GIE
FR1911,Bois Clermontoise de Lille SCS
FR1912,Industrie Régionale SCS
FR1913,Usines Fiable SCOP
FR1914,Chimie Continentale de Clermont SE
FR1915,Usines Montpelliéraine de Clermont SCOP
FR1916,Système Dijon GIE
FR1917,Automobile Dynamique de Reims SNC
FR1918,Ateliers Strasbourgeoise de Marseille SARL
FR1919,Céramique Lilloise de Saint-Étienne SCOP
FR1920,Ateliers Dynamique SCOP
FR1921,Mécanique Moderne de Bordeaux EURL
FR1922,Usines Dijonnaise de Toulouse SCOP
FR1923,Naval Moderne de Lyon GIE
FR1924,Hydraulique Tourangelle SNC
FR1925,Céramique Efficace EURL
FR1926,Industrie Parisienne de Annecy SAS
FR1927,Textile Européenne SAS
FR1928,Verre Perpignan GIE
FR1929,Automobile Saint-Étienne GIE
FR1930,Textile Clermont SAS
FR1931,Fabrique Technique SARL
FR1932,Développement Grenoble SAS
FR1933,Compagnie Parisienne de Lyon GIE
FR1934,Manufacture Précision de Caen SE
FR1935,Manufacture Rennaise SCOP
FR1936,Consulting Rouen EURL
FR1937,Consulting Metz SNC
FR1938,Compagnie Rouennaise de Nancy SA
FR1939,Usines Toulouse SARL
FR1940,Développement Montpelliéraine SARL
FR1941,Solutions Internationale SARL
FR1942,Énergie Dynamique SARL
FR1943,Textile Annecy SCOP
FR1944,Électronique Lyonnaise de Metz SAS
FR1945,Société Bordelaise de Montpellier SCS
FR1946,Industrie Saint-Étienne SE
FR1947,Usines Brest SA
FR1948,Hydraulique Rouennaise de Besançon EURL
FR1949,Manufacture Bordeaux SAS
FR1950,Fabrique Amiens SNC
FR1951,Compagnie Nancy SE
FR1952,Énergie Avancée SE
FR1953,Innovation Dijon SNC
FR1954,Électronique Grenobloise de Saint-Étienne EURL
FR1955,Automobile Excellence SNC
FR1956,Bois Avancée de Tours EURL
FR1957,Entreprise Mulhouse SAS
FR1958,Hydraulique Limogeaude de Rouen GIE
FR1959,Chimie Toulouse SA
FR1960,Textile Montpellier SAS
FR1961,Solutions Montpellier SCS
FR1962,Textile Bordelaise de Grenoble SA
FR1963,Solutions Mulhouse SCS
FR1964,Entreprise Angers SNC
FR1965,Solutions Lilloise de Rennes SE
FR1966,Entreprise Durable GIE
FR1967,Textile Dijonnaise EURL
FR1968,Métallurgie Moderne de Toulouse SARL
FR1969,Bois Rouen SA
FR1970,Industrie Intégrée SNC
FR1971,Société Européenne de Marseille SA
FR1972,Céramique Angevine SNC
FR1973,Textile Dijon SA
FR1974,Naval Générale de Perpignan SARL
FR1975,Manufacture Perpignan SA
FR1976,Ateliers Bordeaux GIE
FR1977,Innovation Régionale de Lyon SE
FR1978,Développement Marseillaise SARL
FR1979,Alimentaire Fiable de Rennes GIE
FR1980,Naval Bordelaise de Grenoble SAS
FR1981,Céramique Metz SCOP
FR1982,Consulting Durable SCOP
FR1983,Ferroviaire Orleanaise de Rennes SARL
FR1984,Chimie Innovante de Metz EURL
FR1985,Entreprise Paris SCOP
FR1986,Solutions Intégrée GIE
FR1987,Hydraulique Française SNC
FR1988,Hydraulique Lilloise SAS
FR1989,Aéronautique Précision SE
FR1990,Métallurgie Avancée de Metz SAS
FR1991,Ateliers Mulhouse SCOP
FR1992,Usines Amiénoise SA
FR1993,Ferroviaire Performante SE
FR1994,Compagnie Lille GIE
FR1995,Hydraulique Grenoble SE
FR1996,Métallurgie Régionale de Paris SARL
FR1997,Automobile Dijonnaise de Lille SNC
FR1998,Énergie Industrielle de Toulouse GIE
FR1999,Usines Orleanaise de Paris SARL
FR2000,Consulting Toulouse SE
FR2001,Verre Toulouse GIE
FR2002,Métallurgie Générale EURL
FR2003,Mécanique Saint-Étienne SNC
FR2004,Technologie Technique de Saint-Étienne SCOP
FR2005,Consulting Metz SCS
FR2006,Technologie Européenne de Nantes SCOP
FR2007,Automobile Européenne de Strasbourg SA
FR2008,Système Efficace SA
FR2009,Industrie Amiens EURL
FR2010,Manufacture Perpignan SNC
FR2011,Hydraulique Toulon SAS
FR2012,Électronique Européenne de Amiens SCOP
FR2013,Développement Performante SCOP
FR2014,Chimie Angevine de Mulhouse SCS
FR2015,Ferroviaire Bordelaise de Metz SNC
FR2016,Production Moderne EURL
FR2017,Manufacture Montpellier GIE
FR2018,Compagnie Nancy GIE
FR2019,Métallurgie Dynamique de Mulhouse SE
FR2020,Technologie Limogeaude de Mulhouse SCS
FR2021,Métallurgie Angevine de Paris EURL
FR2022,Usines Avancée de Tours SCOP
FR2023,Mécanique Bordelaise SA
FR2024,Production Industrielle SNC
FR2025,Énergie Annecy SARL
FR2026,Naval Marseillaise EURL
FR2027,Énergie Angevine de Clermont SA
FR2028,Groupe Limogeaude de Montpellier SAS
FR2029,Hydraulique Performante de Nantes SE
FR2030,Production Dijonnaise GIE
FR2031,Société Spécialisée de Bordeaux SCS
FR2032,Automobile Mulhouse SARL
FR2033,Électronique Excellence de Strasbourg SNC
FR2034,Textile Qualité SAS
FR2035,Céramique Innovante EURL
FR2036,Naval Commerciale de Dijon SAS
FR2037,Ateliers Rennaise de Orléans SE
FR2038,Chimie Intégrée de Clermont SCS
FR2039,Naval Parisienne SE
FR2040,Fabrique Annecy SNC
FR2041,Hydraulique Régionale de Angers SAS
FR2042,Mécanique Toulousaine GIE
FR2043,Naval Paris SARL
FR2044,Ateliers Perpignan SARL
FR2045,Ferroviaire Besançon SCS
FR2046,Hydraulique Limoges EURL
FR2047,Énergie Rennaise de Mulhouse EURL
FR2048,Électronique Dynamique SNC
FR2049,Énergie Toulouse EURL
FR2050,Production Limoges SARL
FR2051,Solutions Lilloise SCOP
FR2052,Groupe Bordelaise SNC
FR2053,Consulting Commerciale SNC
FR2054,Usines Nancy SAS
FR2055,Production Performante de Strasbourg EURL
FR2056,Innovation Rouen SCOP
FR2057,Ateliers Qualité SCOP
FR2058,Ateliers Intégrée GIE
FR2059,Naval Bordelaise GIE
FR2060,Aéronautique Marseillaise de Nantes SCS
FR2061,Métallurgie Lyonnaise de Montpellier SAS
FR2062,Solutions Continentale SE
FR2063,Production Continentale de Orléans SCS
FR2064,Métallurgie Performante de Caen SNC
FR2065,Ferroviaire Nationale de Angers SCOP
FR2066,Hydraulique Rennes SE
FR2067,Textile Qualité SCS
FR2068,Société Bordeaux SAS
FR2069,Ateliers Générale de Grenoble SCOP
FR2070,Consulting Lilloise de Saint-Étienne SAS
FR2071,Céramique Angers SA
FR2072,Société Nantaise de Toulon SCOP
FR2073,Manufacture Montpelliéraine SCS
FR2074,Innovation Dijonnaise SNC
FR2075,Innovation Grenobloise de Perpignan GIE
FR2076,Compagnie Qualité SA
FR2077,Société Rennaise de Montpellier SA
FR2078,Entreprise Européenne de Metz SAS
FR2079,Énergie Dijonnaise de Tours EURL
FR2080,Chimie Besançon SE
FR2081,Entreprise Nouvelle GIE
FR2082,Compagnie Rouen SE
FR2083,Énergie Orleanaise SA
FR2084,Mécanique Limogeaude de Reims GIE
FR2085,Système Tourangelle de Brest SARL
FR2086,Hydraulique Angers GIE
FR2087,Usines Qualité SCOP
FR2088,Manufacture Clermont SCS
FR2089,Alimentaire Toulousaine de Lille SAS
FR2090,Groupe Amiénoise de Marseille SCOP
FR2091,Société Continentale de Clermont SARL
FR2092,Compagnie Nantes SCOP
FR2093,Société Lilloise de Amiens SA
FR2094,Automobile Spécialisée de Annecy SNC
FR2095,Manufacture Toulousaine SA
FR2096,Bois Efficace SA
FR2097,Bois Fiable de Clermont SAS
FR2098,Usines Nouvelle de Mulhouse SARL
FR2099,Chimie Dijonnaise SCS
FR2100,Compagnie Qualité de Bordeaux SA
FR2101,Société Perpignan EURL
FR2102,Groupe Strasbourg SCOP
FR2103,Textile Rouen EURL
FR2104,Verre Metz SARL
FR2105,Développement Commerciale de Amiens EURL
FR2106,Services Nouvelle SNC
FR2107,Consulting Industrielle de Grenoble SNC
FR2108,Groupe Continentale GIE
FR2109,Compagnie Clermontoise SAS
FR2110,Solutions Bordelaise SCS
FR2111,Consulting Fiable de Nancy SCOP
FR2112,Manufacture Rennes SA
FR2113,Bois Paris SARL
FR2114,Bois Générale SA
FR2115,Services Clermontoise de Strasbourg GIE
FR2116,Électronique Marseillaise SE
FR2117,Alimentaire Toulon EURL
FR2118,Automobile Annecy SA
FR2119,Bois Efficace de Besançon SNC
FR2120,Automobile Rennes SE
FR2121,Bois Intégrée EURL
FR2122,Métallurgie Strasbourgeoise EURL
FR2123,Verre Montpellier SNC
FR2124,Développement Créative de Toulouse SA
FR2125,Développement Orléans SCOP
FR2126,Industrie Intégrée de Montpellier SA
FR2127,Solutions Moderne SA
FR2128,Textile Strasbourg SCOP
FR2129,Métallurgie Nantes SCOP
FR2130,Technologie Bordeaux SA
FR2131,Société Montpelliéraine SE
FR2132,Services Rennes SNC
FR2133,Chimie Angers SA
FR2134,Ateliers Orléans SE
FR2135,Entreprise Amiénoise de Grenoble EURL
FR2136,Céramique Mulhouse GIE
FR2137,Manufacture Française de Grenoble SCS
FR2138,Plastique Angers SNC
FR2139,Plastique Caen SNC
FR2140,Manufacture Lilloise de Annecy EURL
FR2141,Hydraulique Qualité de Lille SCS
FR2142,Production Nationale de Marseille SARL
FR2143,Hydraulique Durable de Saint-Étienne SE
FR2144,Groupe Excellence SCOP
FR2145,Métallurgie Caen SNC
FR2146,Consulting Régionale de Orléans EURL
FR2147,Consulting Montpellier GIE
FR2148,Hydraulique Nantaise SCS
FR2149,Céramique Orleanaise de Caen SAS
FR2150,Céramique Angers SAS
FR2151,Mécanique Toulouse SCS
FR2152,Céramique Technique de Tours SAS
FR2153,Innovation Lyon SCOP
FR2154,Céramique Limogeaude de Reims SE
FR2155,Fabrique Marseillaise de Lyon GIE
FR2156,Fabrique Technique SE
FR2157,Fabrique Internationale SE
FR2158,Alimentaire Saint-Étienne SARL
FR2159,Chimie Nouvelle de Nancy GIE
FR2160,Mécanique Saint-Étienne SAS
FR2161,Hydraulique Mulhouse SAS
FR2162,Plastique Efficace SCOP
FR2163,Métallurgie Lilloise EURL
FR2164,Hydraulique Avancée de Grenoble SNC
FR2165,Production Marseillaise de Clermont EURL
FR2166,Textile Rouen SCS
FR2167,Mécanique Orléans SCOP
FR2168,Système Tourangelle de Angers SNC
FR2169,Métallurgie Rouennaise de Lille SARL
FR2170,Système Parisienne de Mulhouse SA
FR2171,Industrie Montpellier SA
FR2172,Automobile Nouvelle SE
FR2173,Usines Bordelaise SCOP
FR2174,Fabrique Brestoise de Montpellier SARL
FR2175,Services Nantaise SCS
FR2176,Hydraulique Efficace de Reims SARL
FR2177,Société Avancée de Caen SARL
FR2178,Innovation Innovante SA
FR2179,Bois Orleanaise EURL
FR2180,Technologie Nantes SNC
FR2181,Compagnie Industrielle EURL
FR2182,Solutions Montpelliéraine de Clermont SA
FR2183,Consulting Dynamique de Amiens SCS
FR2184,Électronique Orleanaise de Metz SNC
FR2185,Verre Excellence SCS
FR2186,Usines Tourangelle de Orléans GIE
FR2187,Usines Montpelliéraine SCOP
FR2188,Verre Rennaise SCOP
FR2189,Céramique Lyon EURL
FR2190,Hydraulique Clermontoise GIE
FR2191,Textile Moderne GIE
FR2192,Groupe Saint-Étienne SCOP
FR2193,Société Clermont SCOP
FR2194,Système Commerciale de Toulon EURL
FR2195,Alimentaire Rennaise SE
FR2196,Bois Strasbourgeoise de Caen SCS
FR2197,Entreprise Limoges SA
FR2198,Innovation Grenobloise SE
FR2199,Système Clermont SCS
FR2200,Consulting Besançon SA
FR2201,Ateliers Technique GIE
FR2202,Électronique Parisienne EURL
FR2203,Métallurgie Bordelaise de Nancy GIE
FR2204,Métallurgie Strasbourgeoise de Marseille SARL
FR2205,Céramique Parisienne de Saint-Étienne SA
FR2206,Production Lilloise de Lille GIE
FR2207,Textile Saint-Étienne SE
FR2208,Métallurgie Toulouse EURL
FR2209,Ferroviaire Clermont SNC
FR2210,Céramique Amiens SNC
FR2211,Hydraulique Amiénoise de Lyon GIE
FR2212,Plastique Orléans SARL
FR2213,Manufacture Internationale de Orléans EURL
FR2214,Électronique Européenne SAS
FR2215,Système Tours SCOP
FR2216,Production Internationale de Limoges SCOP
FR2217,Services Toulousaine de Rennes SCOP
FR2218,Production Marseillaise SCS
FR2219,Industrie Brestoise EURL
FR2220,Énergie Française EURL
FR2221,Compagnie Reims GIE
FR2222,Fabrique Lyonnaise SAS
FR2223,Aéronautique Bordelaise SA
FR2224,Énergie Rennaise SE
FR2225,Automobile Tourangelle de Limoges SNC
FR2226,Système Rouennaise de Limoges SNC
FR2227,Plastique Industrielle de Amiens SNC
FR2228,Fabrique Grenobloise SE
FR2229,Céramique Amiens SAS
FR2230,Industrie Angevine de Lille EURL
FR2231,Alimentaire Lilloise SA
FR2232,Chimie Mulhouse SE
FR2233,Industrie Dijonnaise de Rouen SNC
FR2234,Électronique Caen GIE
FR2235,Innovation Nantaise SAS
FR2236,Développement Durable de Nantes SARL
FR2237,Bois Européenne de Annecy SNC
FR2238,Ferroviaire Clermontoise de Lyon SAS
FR2239,Compagnie Nantes SAS
FR2240,Industrie Française SARL
FR2241,Aéronautique Avancée de Grenoble SCOP
FR2242,Consulting Innovante de Dijon GIE
FR2243,Chimie Angevine de Grenoble SE
FR2244,Solutions Reims SNC
FR2245,Automobile Innovante SCOP
FR2246,Usines Innovante GIE
FR2247,Plastique Intégrée de Saint-Étienne SCS
FR2248,Innovation Nationale de Strasbourg SCS
FR2249,Innovation Limoges SCS
FR2250,Électronique Européenne SARL
FR2251,Industrie Excellence de Paris SNC
FR2252,Verre Marseillaise de Rennes SNC
FR2253,Manufacture Amiens SCOP
FR2254,Ateliers Marseillaise de Lyon SCS
FR2255,Technologie Rennaise SARL
FR2256,Aéronautique Grenoble SA
FR2257,Métallurgie Dijonnaise de Grenoble SA
FR2258,Textile Limoges SCS
FR2259,Verre Marseille SA
FR2260,Hydraulique Marseille SNC
FR2261,Société Brestoise EURL
FR2262,Industrie Angevine SNC
FR2263,Compagnie Marseille SCOP
FR2264,Compagnie Montpelliéraine de Strasbourg SARL
FR2265,Manufacture Grenobloise SA
FR2266,Consulting Angevine EURL
FR2267,Groupe Strasbourg SNC
FR2268,Textile Perpignan EURL
FR2269,Innovation Montpelliéraine SNC
FR2270,Énergie Continentale de Montpellier SCS
FR2271,Système Marseillaise GIE
FR2272,Automobile Continentale de Lille SNC
FR2273,Métallurgie Toulon SE
FR2274,Solutions Intégrée de Paris SNC
FR2275,Technologie Spécialisée SAS
FR2276,Bois Performante de Grenoble SA
FR2277,Industrie Grenobloise de Amiens GIE
FR2278,Ateliers Rouen SCS
FR2279,Technologie Parisienne de Annecy SCOP
FR2280,Automobile Perpignan SCOP
FR2281,Plastique Excellence SCS
FR2282,Services Technique SARL
FR2283,Verre Qualité de Strasbourg SA
FR2284,Innovation Durable de Nantes SAS
FR2285,Groupe Strasbourgeoise de Annecy SNC
FR2286,Naval Orléans SAS
FR2287,Production Dijonnaise SAS
FR2288,Solutions Saint-Étienne SARL
FR2289,Plastique Lyonnaise SCOP
FR2290,Verre Fiable EURL
FR2291,Naval Dijon SARL
FR2292,Fabrique Mulhouse SCS
FR2293,Automobile Brest GIE
FR2294,Énergie Performante SA
FR2295,Consulting Régionale SCS
FR2296,Verre Nantaise EURL
FR2297,Électronique Avancée SARL
FR2298,Production Tourangelle SNC
FR2299,Développement Moderne de Strasbourg SAS
FR2300,Ateliers Intégrée SARL
FR2301,Verre Grenoble SAS
FR2302,Hydraulique Nationale de Lyon SCOP
FR2303,Verre Avancée de Rouen SA
FR2304,Usines Excellence SCOP
FR2305,Alimentaire Commerciale de Toulouse SCS
FR2306,Bois Nantes SARL
FR2307,Développement Dijonnaise de Perpignan SE
FR2308,Automobile Rouen SCOP
FR2309,Énergie Intégrée de Paris SCS
FR2310,Développement Metz SCS
FR2311,Manufacture Strasbourg SNC
FR2312,Céramique Grenoble SCOP
FR2313,Société Excellence de Montpellier SARL
FR2314,Verre Amiénoise SAS
FR2315,Production Dynamique SCOP
FR2316,Naval Fiable de Caen EURL
FR2317,Naval Marseillaise SARL
FR2318,Ateliers Saint-Étienne SE
FR2319,Électronique Lyon GIE
FR2320,Développement Créative de Perpignan SARL
FR2321,Innovation Durable de Rouen SNC
FR2322,Consulting Fiable SA
FR2323,Automobile Brestoise SAS
FR2324,Verre Rennes SNC
FR2325,Solutions Metz GIE
FR2326,Métallurgie Toulouse SCS
FR2327,Manufacture Française de Marseille EURL
FR2328,Naval Qualité de Nancy GIE
FR2329,Ferroviaire Innovante SA
FR2330,Aéronautique Rouennaise SCOP
FR2331,Système Efficace de Rennes GIE
FR2332,Compagnie Dynamique SCOP
FR2333,Plastique Angevine de Toulon SNC
FR2334,Manufacture Rouennaise SAS
FR2335,Manufacture Tourangelle SE
FR2336,Fabrique Nationale SARL
FR2337,Usines Durable de Strasbourg SNC
FR2338,Verre Innovante GIE
FR2339,Métallurgie Nancy SCS
FR2340,Textile Technique de Brest SE
FR2341,Énergie Intégrée SNC
FR2342,Technologie Internationale SNC
FR2343,Naval Créative SAS
FR2344,Céramique Moderne de Lille GIE
FR2345,Fabrique Précision de Marseille SE
FR2346,Manufacture Française EURL
FR2347,Compagnie Régionale de Saint-Étienne SA
FR2348,Bois Besançon SE
FR2349,Système Intégrée SCS
FR2350,Innovation Rouen SAS
FR2351,Manufacture Orléans SCOP
FR2352,Aéronautique Amiénoise SAS
FR2353,Alimentaire Grenobloise EURL
FR2354,Société Efficace GIE
FR2355,Bois Nantaise de Rennes GIE
FR2356,Manufacture Nouvelle SCOP
FR2357,Verre Marseillaise de Dijon SCS
FR2358,Aéronautique Toulouse SARL
FR2359,Développement Saint-Étienne SARL
FR2360,Céramique Performante de Nantes SCS
FR2361,Solutions Limogeaude SARL
FR2362,Énergie Grenoble SNC
FR2363,Aéronautique Reims SCOP
FR2364,Métallurgie Toulon SA
FR2365,Mécanique Parisienne EURL
FR2366,Mécanique Angevine SAS
FR2367,Aéronautique Efficace de Nantes SNC
FR2368,Production Excellence de Besançon SNC
FR2369,Manufacture Clermontoise SNC
FR2370,Hydraulique Industrielle GIE
FR2371,Chimie Créative SAS
FR2372,Plastique Nancy SCOP
FR2373,Ferroviaire Montpelliéraine de Mulhouse SCOP
FR2374,Entreprise Rouen EURL
FR2375,Production Nancy SARL
FR2376,Énergie Intégrée de Perpignan SA
FR2377,Services Metz SCS
FR2378,Ateliers Marseille SE
FR2379,Compagnie Toulousaine SCOP
FR2380,Technologie Fiable EURL
FR2381,Société Brest SNC
FR2382,Innovation Nantaise SAS
FR2383,Consulting Orléans SCOP
FR2384,Groupe Française SARL
FR2385,Ferroviaire Dijonnaise de Brest SARL
FR2386,Électronique Durable de Tours SA
FR2387,Aéronautique Créative de Tours EURL
FR2388,Naval Lyonnaise SNC
FR2389,Technologie Européenne de Amiens SE
FR2390,Électronique Limogeaude de Bordeaux SE
FR2391,Hydraulique Angevine de Toulouse SCOP
FR2392,Énergie Lyonnaise SCS
FR2393,Système Montpelliéraine SARL
FR2394,Aéronautique Perpignan SE
FR2395,Ateliers Orleanaise EURL
FR2396,Ferroviaire Lilloise de Caen SNC
FR2397,Production Française de Lille SAS
FR2398,Système Précision de Grenoble SAS
FR2399,Céramique Caen EURL
FR2400,Électronique Régionale SAS
FR2401,Textile Nouvelle de Clermont SNC
FR2402,Industrie Internationale de Clermont SA
FR2403,Naval Brestoise SA
FR2404,Développement Tourangelle de Lyon SCS
FR2405,Textile Saint-Étienne SE
FR2406,Solutions Précision SE
FR2407,Consulting Grenobloise de Saint-Étienne SCS
FR2408,Ferroviaire Marseillaise de Reims GIE
FR2409,Consulting Paris GIE
FR2410,Alimentaire Brestoise SE
FR2411,Ferroviaire Rennaise de Grenoble SARL
FR2412,Production Tours SNC
FR2413,Compagnie Nouvelle de Grenoble EURL
FR2414,Développement Perpignan SE
FR2415,Manufacture Rennaise de Besançon SARL
FR2416,Textile Régionale SCOP
FR2417,Naval Orleanaise de Montpellier SCOP
FR2418,Développement Nantes SA
FR2419,Céramique Avancée GIE
FR2420,Groupe Technique de Lyon SCS
FR2421,Hydraulique Amiens SE
FR2422,Alimentaire Saint-Étienne SARL
FR2423,Compagnie Brest SARL
FR2424,Hydraulique Strasbourgeoise SCOP
FR2425,Entreprise Perpignan GIE
FR2426,Aéronautique Marseille SCS
FR2427,Alimentaire Intégrée de Toulon SE
FR2428,Automobile Tours GIE
FR2429,Bois Parisienne SA
FR2430,Services Qualité de Brest SCS
FR2431,Chimie Durable SAS
FR2432,Technologie Lilloise de Brest SA
FR2433,Fabrique Commerciale SCS
FR2434,Services Performante EURL
FR2435,Métallurgie Orleanaise EURL
FR2436,Aéronautique Bordelaise de Lyon GIE
FR2437,Solutions Nationale SA
FR2438,Bois Qualité de Marseille SARL
FR2439,Usines Grenobloise de Toulouse EURL
FR2440,Chimie Lille GIE
FR2441,Compagnie Amiens SCS
FR2442,Usines Intégrée SA
FR2443,Ateliers Continentale SCS
FR2444,Électronique Orleanaise SARL
FR2445,Ferroviaire Parisienne SNC
FR2446,Production Tours SAS
FR2447,Production Toulon SCOP
FR2448,Solutions Performante de Montpellier SNC
FR2449,Céramique Montpelliéraine SAS
FR2450,Technologie Annecy SARL
FR2451,Énergie Clermontoise de Dijon SNC
FR2452,Développement Précision SCS
FR2453,Ferroviaire Marseillaise de Caen SAS
FR2454,Système Grenobloise SARL
FR2455,Céramique Nantaise SARL
FR2456,Aéronautique Rennaise de Rouen SA
FR2457,Développement Rennaise de Metz SCS
FR2458,Ateliers Spécialisée de Saint-Étienne SCOP
FR2459,Fabrique Orleanaise SE
FR2460,Compagnie Lilloise GIE
FR2461,Services Limogeaude SAS
FR2462,Naval Performante de Limoges SE
FR2463,Fabrique Française de Montpellier GIE
FR2464,Société Annecy SA
FR2465,Technologie Nancy SAS
FR2466,Consulting Grenoble GIE
FR2467,Ferroviaire Spécialisée de Lille SCS
FR2468,Verre Nouvelle de Orléans EURL
FR2469,Usines Brestoise de Caen SE
FR2470,Technologie Limogeaude de Annecy SCS
FR2471,Naval Performante de Metz SARL
FR2472,Développement Nantaise de Clermont SCS
FR2473,Fabrique Lilloise EURL
FR2474,Mécanique Rennaise de Rouen SCS
FR2475,Compagnie Technique de Dijon SAS
FR2476,Hydraulique Dijonnaise de Perpignan SAS
FR2477,Innovation Continentale de Angers SE
FR2478,Groupe Brest SCS
FR2479,Système Régionale de Toulouse SAS
FR2480,Services Rouennaise SE
FR2481,Groupe Internationale de Dijon SNC
FR2482,Ferroviaire Intégrée SCS
FR2483,Entreprise Limogeaude de Metz SE
FR2484,Entreprise Nantes GIE
FR2485,Système Annecy GIE
FR2486,Céramique Internationale EURL
FR2487,Métallurgie Rennaise de Toulouse GIE
FR2488,Production Clermontoise de Nantes SCOP
FR2489,Industrie Dynamique SARL
FR2490,Ferroviaire Orleanaise de Rouen SCOP
FR2491,Naval Rouennaise de Mulhouse SARL
FR2492,Alimentaire Brestoise SA
FR2493,Naval Avancée de Mulhouse SAS
FR2494,Énergie Limoges EURL
FR2495,Plastique Amiénoise SCOP
FR2496,Groupe Dynamique de Besançon SARL
FR2497,Métallurgie Limogeaude de Grenoble SE
FR2498,Chimie Strasbourgeoise SA
FR2499,Énergie Metz GIE
FR2500,Énergie Innovante de Angers GIE
FR2501,Bois Marseillaise de Tours SARL
FR2502,Ateliers Durable SARL
FR2503,Céramique Internationale SA
FR2504,Naval Durable de Paris SE
FR2505,Automobile Performante SA
FR2506,Alimentaire Lilloise SNC
FR2507,Naval Limogeaude SCS
FR2508,Consulting Annecy SCOP
FR2509,Naval Fiable SNC
FR2510,Textile Internationale de Toulon SCS
FR2511,Compagnie Européenne de Angers SCS
FR2512,Services Française SNC
FR2513,Verre Nancy SCOP
FR2514,Bois Dijonnaise SNC
FR2515,Aéronautique Régionale SAS
FR2516,Électronique Technique de Rouen SE
FR2517,Verre Lille SARL
FR2518,Verre Limogeaude SAS
FR2519,Fabrique Nationale de Besançon SARL
FR2520,Mécanique Précision SARL
FR2521,Société Amiénoise SE
FR2522,Énergie Orleanaise EURL
FR2523,Solutions Rouen SA
FR2524,Manufacture Précision de Perpignan SCOP
FR2525,Innovation Moderne SAS
FR2526,Bois Limogeaude SCS
FR2527,Plastique Amiénoise de Brest SCS
FR2528,Fabrique Française EURL
FR2529,Hydraulique Grenoble SE
FR2530,Services Continentale SE
FR2531,Groupe Intégrée SCOP
FR2532,Système Parisienne SE
FR2533,Chimie Spécialisée SAS
FR2534,Métallurgie Durable de Mulhouse SNC
FR2535,Énergie Dijon SAS
FR2536,Aéronautique Angevine SE
FR2537,Hydraulique Moderne de Toulon SAS
FR2538,Textile Lyonnaise de Reims SA
FR2539,Entreprise Précision SARL
FR2540,Innovation Perpignan SAS
FR2541,Énergie Marseille SCS
FR2542,Verre Durable de Annecy GIE
FR2543,Fabrique Européenne SAS
FR2544,Automobile Marseille SCOP
FR2545,Verre Dijonnaise de Montpellier EURL
FR2546,Alimentaire Limoges SARL
FR2547,Groupe Innovante SA
FR2548,Industrie Lyonnaise de Dijon SCS
FR2549,Plastique Nantaise SAS
FR2550,Solutions Continentale SARL
FR2551,Plastique Durable de Mulhouse SAS
FR2552,Technologie Technique SAS
FR2553,Société Commerciale de Annecy SARL
FR2554,Ateliers Continentale de Tours SAS
FR2555,Énergie Dijonnaise de Angers SAS
FR2556,Bois Nouvelle SARL
FR2557,Plastique Rouennaise de Perpignan EURL
FR2558,Société Continentale SA
FR2559,Ateliers Industrielle de Metz SARL
FR2560,Verre Commerciale EURL
FR2561,Innovation Tourangelle GIE
FR2562,Manufacture Générale de Grenoble SARL
FR2563,Électronique Générale SNC
FR2564,Société Dijonnaise de Rouen SARL
FR2565,Technologie Saint-Étienne SCS
FR2566,Manufacture Dijon SNC
FR2567,Groupe Efficace de Saint-Étienne GIE
FR2568,Hydraulique Caen SA
FR2569,Naval Montpelliéraine de Reims EURL
FR2570,Énergie Clermontoise SA
FR2571,Usines Mulhouse SA
FR2572,Alimentaire Perpignan GIE
FR2573,Verre Marseillaise de Nantes SAS
FR2574,Développement Avancée de Lille SNC
FR2575,Métallurgie Moderne SA
FR2576,Innovation Angers SNC
FR2577,Verre Marseillaise SCOP
FR2578,Usines Bordelaise SAS
FR2579,Textile Grenobloise de Metz SNC
FR2580,Mécanique Commerciale SNC
FR2581,Usines Internationale EURL
FR2582,Fabrique Industrielle SA
FR2583,Société Nationale de Marseille SAS
FR2584,Consulting Avancée SCS
FR2585,Société Performante de Toulon SE
FR2586,Textile Marseillaise de Nantes SA
FR2587,Technologie Continentale SCOP
FR2588,Bois Limoges SNC
FR2589,Technologie Dynamique EURL
FR2590,Aéronautique Nantaise de Angers EURL
FR2591,Production Paris SCS
FR2592,Entreprise Brest SE
FR2593,Système Paris SCS
FR2594,Ateliers Efficace de Lyon EURL
FR2595,Bois Besançon SARL
FR2596,Société Marseille SE
FR2597,Ferroviaire Durable GIE
FR2598,Consulting Angers SCOP
FR2599,Naval Spécialisée SAS
FR2600,Production Tourangelle de Dijon SAS
FR2601,Plastique Annecy GIE
FR2602,Société Intégrée de Reims GIE
FR2603,Verre Rennaise SCS
FR2604,Céramique Intégrée SCOP
FR2605,Alimentaire Française GIE
FR2606,Solutions Dijonnaise de Besançon EURL
FR2607,Plastique Intégrée SE
FR2608,Électronique Clermontoise de Nantes GIE
FR2609,Aéronautique Paris GIE
FR2610,Alimentaire Innovante de Metz SAS
FR2611,Technologie Reims SA
FR2612,Technologie Brestoise de Nancy SAS
FR2613,Innovation Rouennaise de Grenoble GIE
FR2614,Fabrique Générale de Angers SCS
FR2615,Société Annecy SARL
FR2616,Manufacture Lyonnaise SA
FR2617,Chimie Dijonnaise SAS
FR2618,Textile Qualité SCOP
FR2619,Électronique Lilloise SE
FR2620,Céramique Bordelaise SE
FR2621,Ferroviaire Fiable SNC
FR2622,Usines Performante de Caen SAS
FR2623,Fabrique Nationale de Dijon SCOP
FR2624,Plastique Nouvelle de Orléans SAS
FR2625,Chimie Européenne SARL
FR2626,Électronique Caen GIE
FR2627,Innovation Dynamique de Rouen SCS
FR2628,Compagnie Continentale de Lyon SCOP
FR2629,Système Régionale de Lille SNC
FR2630,Manufacture Mulhouse SCS
FR2631,Consulting Fiable SNC
FR2632,Société Metz SCOP
FR2633,Société Rennaise SA
FR2634,Innovation Dijon GIE
FR2635,Métallurgie Fiable de Grenoble GIE
FR2636,Automobile Moderne de Nantes SCS
FR2637,Innovation Rennes SNC
FR2638,Aéronautique Performante SARL
FR2639,Hydraulique Annecy SA
FR2640,Ateliers Amiénoise SARL
FR2641,Consulting Strasbourgeoise de Lyon SARL
FR2642,Alimentaire Précision de Nantes SARL
FR2643,Naval Dynamique de Annecy SCS
FR2644,Groupe Rennaise EURL
FR2645,Compagnie Strasbourgeoise SA
FR2646,Groupe Strasbourgeoise GIE
FR2647,Innovation Amiens SAS
FR2648,Groupe Limoges SAS
FR2649,Technologie Dijonnaise de Nantes SNC
FR2650,Innovation Fiable SARL
FR2651,Textile Orleanaise de Dijon SAS
FR2652,Céramique Technique de Lille SNC
FR2653,Consulting Industrielle de Nancy SA
FR2654,Mécanique Paris SARL
FR2655,Chimie Toulousaine de Marseille GIE
FR2656,Aéronautique Lyonnaise de Grenoble SARL
FR2657,Plastique Tours SARL
FR2658,Textile Nouvelle SCS
FR2659,Électronique Générale SCS
FR2660,Système Marseillaise SCS
FR2661,Verre Orléans SCOP
FR2662,Bois Besançon SA
FR2663,Textile Nationale SAS
FR2664,Technologie Lille SAS
FR2665,Verre Spécialisée SAS
FR2666,Verre Grenobloise de Perpignan SNC
FR2667,Services Dijonnaise SCOP
FR2668,Système Générale SA
FR2669,Textile Nantes SNC
FR2670,Énergie Amiens GIE
FR2671,Électronique Dynamique de Grenoble SAS
FR2672,Automobile Angers SARL
FR2673,Mécanique Européenne SCS
FR2674,Ferroviaire Nantaise SA
FR2675,Textile Fiable EURL
FR2676,Ferroviaire Brestoise SE
FR2677,Innovation Rennaise de Annecy SCS
FR2678,Services Qualité EURL
FR2679,Ferroviaire Parisienne SCS
FR2680,Production Précision SCS
FR2681,Métallurgie Nantaise de Dijon SCOP
FR2682,Métallurgie Rouennaise SCS
FR2683,Services Dynamique de Grenoble SA
FR2684,Production Brestoise de Amiens SCS
FR2685,Innovation Créative EURL
FR2686,Groupe Dijonnaise SE
FR2687,Bois Rouen SA
FR2688,Production Tourangelle de Lyon SA
FR2689,Compagnie Régionale SCOP
FR2690,Bois Innovante SAS
FR2691,Métallurgie Intégrée SNC
FR2692,Système Qualité SAS
FR2693,Textile Montpellier SCOP
FR2694,Bois Innovante SA
FR2695,Technologie Nancy SA
FR2696,Société Technique SA
FR2697,Entreprise Nantes SAS
FR2698,Système Amiénoise SARL
FR2699,Compagnie Toulon SCS
FR2700,Verre Commerciale de Limoges SA
FR2701,Production Perpignan SARL
FR2702,Système Bordeaux SNC
FR2703,Manufacture Amiens EURL
FR2704,Services Besançon SAS
FR2705,Textile Française GIE
FR2706,Hydraulique Tourangelle de Lyon SCOP
FR2707,Entreprise Tours EURL
FR2708,Services Qualité SCOP
FR2709,Plastique Dijon SAS
FR2710,Industrie Dynamique de Rennes SNC
FR2711,Système Grenoble SNC
FR2712,Développement Nancy SARL
FR2713,Manufacture Nouvelle SE
FR2714,Société Nationale SARL
FR2715,Électronique Fiable EURL
FR2716,Naval Toulousaine de Tours EURL
FR2717,Solutions Rouen SA
FR2718,Technologie Européenne EURL
FR2719,Textile Intégrée de Angers GIE
FR2720,Ferroviaire Innovante de Annecy SNC
FR2721,Consulting Mulhouse SARL
FR2722,Manufacture Besançon SA
FR2723,Métallurgie Lyonnaise de Orléans SNC
FR2724,Système Montpellier SA
FR2725,Innovation Marseille SCS
FR2726,Manufacture Mulhouse SA
FR2727,Production Limogeaude de Caen SCOP
FR2728,Solutions Bordelaise SA
FR2729,Industrie Saint-Étienne SARL
FR2730,Métallurgie Brestoise SA
FR2731,Production Clermontoise SARL
FR2732,Énergie Clermont SCOP
FR2733,Industrie Metz SA
FR2734,Métallurgie Tourangelle SCOP
FR2735,Métallurgie Dijonnaise EURL
FR2736,Société Durable GIE
FR2737,Services Montpellier SNC
FR2738,Plastique Brest SCOP
FR2739,Plastique Innovante de Nantes SE
FR2740,Céramique Montpelliéraine GIE
FR2741,Mécanique Rouennaise SCOP
FR2742,Automobile Mulhouse SNC
FR2743,Chimie Créative de Orléans SCOP
FR2744,Système Marseillaise de Limoges SCS
FR2745,Production Excellence de Brest SCS
FR2746,Fabrique Clermontoise de Marseille GIE
FR2747,Hydraulique Limoges SA
FR2748,Industrie Limogeaude de Metz SE
FR2749,Alimentaire Générale de Grenoble SARL
FR2750,Verre Industrielle de Bordeaux GIE
FR2751,Ateliers Orleanaise de Nantes SCOP
FR2752,Innovation Annecy SE
FR2753,Production Nantaise SNC
FR2754,Solutions Perpignan SARL
FR2755,Manufacture Toulouse SNC
FR2756,Entreprise Nantaise SNC
FR2757,Chimie Performante GIE
FR2758,Bois Régionale de Rouen EURL
FR2759,Ferroviaire Dynamique SA
FR2760,Textile Continentale de Rennes SA
FR2761,Bois Commerciale de Clermont SARL
FR2762,Chimie Efficace de Lyon SCOP
FR2763,Compagnie Brest SNC
FR2764,Consulting Dynamique SARL
FR2765,Ferroviaire Marseillaise de Rouen SCS
FR2766,Aéronautique Toulouse GIE
FR2767,Fabrique Qualité SA
FR2768,Technologie Intégrée de Reims SNC
FR2769,Groupe Limogeaude SARL
FR2770,Aéronautique Paris SAS
FR2771,Alimentaire Metz SARL
FR2772,Entreprise Amiens SCOP
FR2773,Bois Créative SAS
FR2774,Services Européenne de Bordeaux SCOP
FR2775,Usines Nantes SAS
FR2776,Manufacture Nouvelle SCOP
FR2777,Plastique Dynamique SE
FR2778,Automobile Marseille GIE
FR2779,Développement Performante de Amiens SCS
FR2780,Fabrique Strasbourg SA
FR2781,Technologie Performante de Orléans EURL
FR2782,Développement Spécialisée de Annecy SARL
FR2783,Usines Bordeaux SA
FR2784,Électronique Rennaise de Lyon GIE
FR2785,Industrie Metz SE
FR2786,Industrie Angevine de Grenoble SAS
FR2787,Solutions Dijonnaise SCOP
FR2788,Bois Innovante SE
FR2789,Fabrique Technique SAS
FR2790,Entreprise Durable SAS
FR2791,Plastique Clermont SNC
FR2792,Automobile Marseillaise SCS
FR2793,Plastique Internationale SCOP
FR2794,Fabrique Spécialisée de Mulhouse SE
FR2795,Système Amiénoise SE
FR2796,Manufacture Brest SARL
FR2797,Production Montpellier SA
FR2798,Métallurgie Intégrée de Rouen SCS
FR2799,Électronique Spécialisée de Amiens SE
FR2800,Fabrique Spécialisée de Marseille SCS
FR2801,Entreprise Caen SNC
FR2802,Mécanique Excellence de Bordeaux SE
FR2803,Consulting Durable EURL
FR2804,Alimentaire Rennes GIE
FR2805,Automobile Performante de Toulon EURL
FR2806,Mécanique Dijonnaise SCS
FR2807,Naval Strasbourg SE
FR2808,Mécanique Dynamique de Lille EURL
FR2809,Alimentaire Montpellier SCOP
FR2810,Ferroviaire Brestoise SCOP
FR2811,Entreprise Limogeaude de Dijon SARL
FR2812,Industrie Nantaise de Annecy EURL
FR2813,Naval Innovante SNC
FR2814,Groupe Angers SCOP
FR2815,Automobile Toulouse SCS
FR2816,Usines Régionale SA
FR2817,Métallurgie Rennaise SARL
FR2818,Société Lyon SA
FR2819,Métallurgie Bordeaux GIE
FR2820,Métallurgie Perpignan SCS
FR2821,Manufacture Toulon SCS
FR2822,Bois Angers SE
FR2823,Système Strasbourgeoise SNC
FR2824,Céramique Orleanaise de Orléans EURL
FR2825,Services Lyon SARL
FR2826,Électronique Orléans GIE
FR2827,Ateliers Strasbourgeoise GIE
FR2828,Bois Précision GIE
FR2829,Énergie Avancée SE
FR2830,Bois Montpellier EURL
FR2831,Entreprise Excellence GIE
FR2832,Textile Rennes GIE
FR2833,Mécanique Orleanaise de Angers GIE
FR2834,Consulting Créative SARL
FR2835,Chimie Régionale de Lyon GIE
FR2836,Automobile Strasbourgeoise GIE
FR2837,Développement Strasbourg SAS
FR2838,Innovation Montpellier GIE
FR2839,Services Strasbourgeoise de Marseille SAS
FR2840,Développement Caen SE
FR2841,Production Tourangelle de Besançon SAS
FR2842,Technologie Rouen GIE
FR2843,Entreprise Angers SARL
FR2844,Technologie Tourangelle de Amiens SE
FR2845,Consulting Parisienne EURL
FR2846,Ateliers Brest SAS
FR2847,Naval Saint-Étienne SCS
FR2848,Technologie Amiénoise de Grenoble SA
FR2849,Hydraulique Parisienne SE
FR2850,Système Toulousaine SCOP
FR2851,Plastique Orléans SNC
FR2852,Technologie Bordelaise de Strasbourg EURL
FR2853,Entreprise Lyon SAS
FR2854,Énergie Efficace GIE
FR2855,Naval Créative de Montpellier SE
FR2856,Verre Limogeaude de Caen SE
FR2857,Énergie Lille SA
FR2858,Plastique Angevine SARL
FR2859,Électronique Régionale de Grenoble SA
FR2860,Solutions Avancée de Orléans SAS
FR2861,Fabrique Dijon SNC
FR2862,Manufacture Orleanaise SCOP
FR2863,Naval Orléans EURL
FR2864,Groupe Amiénoise SAS
FR2865,Plastique Toulousaine de Orléans SCS
FR2866,Automobile Nantaise de Montpellier SNC
FR2867,Société Spécialisée SARL
FR2868,Hydraulique Toulouse SA
FR2869,Métallurgie Limoges SA
FR2870,Plastique Parisienne de Dijon SCOP
FR2871,Chimie Précision de Rouen SCS
FR2872,Usines Nouvelle SCOP
FR2873,Hydraulique Nantaise SAS
FR2874,Aéronautique Nantes SNC
FR2875,Innovation Strasbourgeoise GIE
FR2876,Électronique Lyonnaise SAS
FR2877,Production Tours SE
FR2878,Solutions Lyonnaise SARL
FR2879,Ferroviaire Nantaise EURL
FR2880,Énergie Bordelaise de Metz SARL
FR2881,Plastique Spécialisée de Tours SNC
FR2882,Alimentaire Limoges SCS
FR2883,Métallurgie Excellence EURL
FR2884,Métallurgie Européenne de Rouen SE
FR2885,Verre Toulousaine SNC
FR2886,Production Innovante de Besançon EURL
FR2887,Consulting Caen SAS
FR2888,Hydraulique Régionale de Saint-Étienne GIE
FR2889,Électronique Strasbourgeoise de Strasbourg EURL
FR2890,Entreprise Française SA
FR2891,Céramique Spécialisée SA
FR2892,Consulting Générale de Caen SCOP
FR2893,Verre Rouen EURL
FR2894,Système Européenne SAS
FR2895,Compagnie Lilloise SARL
FR2896,Automobile Générale de Caen SARL
FR2897,Production Amiens SA
FR2898,Fabrique Tourangelle de Metz SCS
FR2899,Chimie Paris SARL
FR2900,Électronique Européenne SARL
FR2901,Société Précision de Perpignan SA
FR2902,Verre Générale de Rennes SARL
FR2903,Entreprise Nantes SNC
FR2904,Développement Grenobloise SE
FR2905,Mécanique Marseillaise GIE
FR2906,Ferroviaire Nouvelle de Limoges SCS
FR2907,Verre Moderne EURL
FR2908,Textile Orléans EURL
FR2909,Production Marseillaise SARL
FR2910,Ateliers Nouvelle SAS
FR2911,Alimentaire Tours SCS
FR2912,Ferroviaire Avancée de Toulouse GIE
FR2913,Électronique Nancy SCOP
FR2914,Système Montpellier EURL
FR2915,Société Limogeaude GIE
FR2916,Verre Française de Nantes SCOP
FR2917,Automobile Performante de Caen SCS
FR2918,Technologie Lyonnaise SAS
FR2919,Alimentaire Mulhouse SA
FR2920,Hydraulique Excellence de Rennes SCOP
FR2921,Céramique Marseillaise SA
FR2922,Plastique Européenne de Toulouse SA
FR2923,Hydraulique Dijonnaise de Nantes EURL
FR2924,Hydraulique Brestoise de Dijon SE
FR2925,Innovation Avancée de Orléans SA
FR2926,Mécanique Paris SCOP
FR2927,Manufacture Moderne SARL
FR2928,Naval Excellence de Caen EURL
FR2929,Aéronautique Limogeaude SNC
FR2930,Services Dijon SNC
FR2931,Services Marseillaise EURL
FR2932,Automobile Toulousaine de Annecy SARL
FR2933,Céramique Parisienne de Besançon SE
FR2934,Électronique Excellence SA
FR2935,Mécanique Bordelaise de Caen EURL
FR2936,Alimentaire Nancy SE
FR2937,Automobile Nancy SCS
FR2938,Ferroviaire Parisienne de Nantes SARL
FR2939,Système Metz SNC
FR2940,Système Saint-Étienne EURL
FR2941,Ateliers Tourangelle de Brest SNC
FR2942,Entreprise Rouennaise de Besançon SARL
FR2943,Entreprise Brestoise SAS
FR2944,Hydraulique Limoges SCOP
FR2945,Métallurgie Annecy SCS
FR2946,Technologie Nationale de Brest EURL
FR2947,Compagnie Nantaise de Nantes SAS
FR2948,Innovation Spécialisée SCS
FR2949,Automobile Lilloise SE
FR2950,Innovation Précision de Toulon SCOP
FR2951,Services Performante SCOP
FR2952,Plastique Dijonnaise SA
FR2953,Chimie Parisienne de Nancy SCS
FR2954,Industrie Marseille SCOP
FR2955,Ateliers Excellence de Brest SE
FR2956,Ferroviaire Générale SE
FR2957,Société Dynamique de Bordeaux SCS
FR2958,Mécanique Marseillaise de Paris SARL
FR2959,Fabrique Fiable SNC
FR2960,Alimentaire Moderne SARL
FR2961,Électronique Moderne SA
FR2962,Compagnie Rennaise SE
FR2963,Usines Lilloise de Toulon SNC
FR2964,Technologie Durable EURL
FR2965,Métallurgie Angevine de Toulon SE
FR2966,Électronique Innovante de Toulouse SNC
FR2967,Société Angevine GIE
FR2968,Groupe Rennaise de Toulouse SARL
FR2969,Ateliers Spécialisée SA
FR2970,Ateliers Limogeaude de Tours SAS
FR2971,Consulting Strasbourg SCS
FR2972,Ateliers Amiens SA
FR2973,Fabrique Grenobloise SE
FR2974,Métallurgie Durable EURL
FR2975,Solutions Précision GIE
FR2976,Fabrique Internationale GIE
FR2977,Usines Moderne SNC
FR2978,Usines Saint-Étienne EURL
FR2979,Fabrique Durable SAS
FR2980,Consulting Rennaise de Bordeaux SA
FR2981,Entreprise Efficace GIE
FR2982,Usines Nancy SA
FR2983,Usines Clermont SA
FR2984,Solutions Nouvelle de Nantes SAS
FR2985,Plastique Française de Dijon GIE
FR2986,Aéronautique Performante EURL
FR2987,Chimie Dijonnaise EURL
FR2988,Groupe Limogeaude SA
FR2989,Groupe Rouen SE
FR2990,Usines Rouen SAS
FR2991,Automobile Lyonnaise SCOP
FR2992,Naval Nancy SNC
FR2993,Innovation Fiable SNC
FR2994,Système Spécialisée EURL
FR2995,Consulting Dijon SCOP
FR2996,Hydraulique Toulouse SAS
FR2997,Plastique Reims SNC
FR2998,Électronique Internationale de Marseille SA
FR2999,Consulting Annecy SNC
FR3000,Technologie Limoges SCOP
FR3001,Manufacture Française SE
FR3002,Innovation Montpelliéraine de Saint-Étienne SARL
FR3003,Développement Tours SNC
FR3004,Verre Performante de Toulouse SCS
FR3005,Consulting Française SA
FR3006,Consulting Amiens SCS
FR3007,Manufacture Fiable SARL
FR3008,Céramique Marseillaise de Orléans EURL
FR3009,Entreprise Lilloise SE
FR3010,Solutions Toulouse SCS
FR3011,Industrie Qualité de Toulouse GIE
FR3012,Aéronautique Clermontoise de Grenoble SARL
FR3013,Compagnie Limogeaude de Saint-Étienne SE
FR3014,Société Brest SNC
FR3015,Industrie Générale EURL
FR3016,Compagnie Technique EURL
FR3017,Chimie Continentale SCOP
FR3018,Ateliers Metz SA
FR3019,Technologie Saint-Étienne EURL
FR3020,Technologie Lille EURL
FR3021,Naval Toulousaine SCOP
FR3022,Solutions Régionale SNC
FR3023,Entreprise Dijon SCOP
FR3024,Plastique Marseillaise de Strasbourg SE
FR3025,Ateliers Lille SAS
FR3026,Céramique Lilloise GIE
FR3027,Alimentaire Nouvelle de Perpignan SAS
FR3028,Solutions Nouvelle de Strasbourg GIE
FR3029,Métallurgie Angers SNC
FR3030,Manufacture Dijonnaise de Rouen GIE
FR3031,Compagnie Qualité de Annecy SARL
FR3032,Services Besançon SE
FR3033,Ferroviaire Internationale de Paris SAS
FR3034,Services Caen EURL
FR3035,Entreprise Brest SE
FR3036,Compagnie Limogeaude de Grenoble SNC
FR3037,Société Avancée SCOP
FR3038,Services Limoges SARL
FR3039,Aéronautique Nantaise GIE
FR3040,Textile Metz SAS
FR3041,Alimentaire Toulon SA
FR3042,Manufacture Performante SA
FR3043,Textile Grenobloise SARL
FR3044,Ateliers Nouvelle de Nancy SE
FR3045,Manufacture Rouennaise SCS
FR3046,Hydraulique Toulon SNC
FR3047,Système Perpignan SE
FR3048,Ferroviaire Tourangelle SCOP
FR3049,Technologie Tourangelle SE
FR3050,Ferroviaire Marseillaise SE
FR3051,Groupe Mulhouse SNC
FR3052,Chimie Dynamique de Marseille SCS
FR3053,Production Tours GIE
FR3054,Céramique Limoges SNC
FR3055,Textile Régionale SA
FR3056,Bois Reims SE
FR3057,Ferroviaire Lille GIE
FR3058,Naval Précision de Annecy SCS
FR3059,Technologie Paris SARL
FR3060,Groupe Bordelaise GIE
FR3061,Industrie Limogeaude de Besançon SNC
FR3062,Ferroviaire Limoges EURL
FR3063,Innovation Dijon SARL
FR3064,Production Efficace de Nantes SARL
FR3065,Mécanique Grenobloise de Tours SE
FR3066,Électronique Strasbourg SNC
FR3067,Céramique Rennaise de Saint-Étienne SCS
FR3068,Solutions Toulon SNC
FR3069,Naval Marseillaise de Rouen GIE
FR3070,Système Toulon SCS
FR3071,Société Annecy GIE
FR3072,Plastique Metz SE
FR3073,Innovation Parisienne SARL
FR3074,Métallurgie Tourangelle de Tours SE
FR3075,Manufacture Montpellier SARL
FR3076,Hydraulique Industrielle SAS
FR3077,Fabrique Intégrée SA
FR3078,Groupe Tourangelle EURL
FR3079,Chimie Dijonnaise de Rennes SE
FR3080,Usines Annecy EURL
FR3081,Ateliers Strasbourgeoise de Reims SARL
FR3082,Usines Commerciale SA
FR3083,Compagnie Amiens EURL
FR3084,Verre Bordeaux SCS
FR3085,Céramique Marseillaise de Marseille SARL
FR3086,Hydraulique Dijon SCS
FR3087,Hydraulique Moderne de Saint-Étienne SE
FR3088,Industrie Perpignan EURL
FR3089,Manufacture Qualité SARL
FR3090,Fabrique Caen SE
FR3091,Bois Européenne SCOP
FR3092,Mécanique Excellence de Saint-Étienne SARL
FR3093,Solutions Internationale SCS
FR3094,Groupe Angers SNC
FR3095,Usines Industrielle SNC
FR3096,Verre Industrielle de Grenoble SCOP
FR3097,Céramique Dijonnaise de Perpignan SAS
FR3098,Hydraulique Rouennaise SARL
FR3099,Céramique Nantaise de Rennes SARL
FR3100,Mécanique Rennaise de Brest SE
FR3101,Plastique Dynamique SA
FR3102,Verre Avancée de Annecy GIE
FR3103,Ateliers Bordelaise SAS
FR3104,Société Dijonnaise SA
FR3105,Verre Excellence SARL
FR3106,Production Efficace de Marseille SCOP
FR3107,Ateliers Montpelliéraine EURL
FR3108,Automobile Technique SE
FR3109,Énergie Avancée de Nancy SE
FR3110,Développement Toulouse SA
FR3111,Industrie Toulon SCOP
FR3112,Électronique Amiénoise de Besançon SCOP
FR3113,Fabrique Lille SA
FR3114,Plastique Paris SARL
FR3115,Plastique Nouvelle de Angers SA
FR3116,Entreprise Tours SNC
FR3117,Manufacture Nouvelle SNC
FR3118,Céramique Précision GIE
FR3119,Naval Rouen SE
FR3120,Plastique Qualité GIE
FR3121,Alimentaire Rouen SARL
FR3122,Hydraulique Angevine EURL
FR3123,Services Tourangelle SAS
FR3124,Groupe Moderne SA
FR3125,Usines Mulhouse GIE
FR3126,Aéronautique Montpelliéraine de Rouen EURL
FR3127,Services Industrielle de Grenoble EURL
FR3128,Plastique Créative EURL
FR3129,Manufacture Tourangelle SA
FR3130,Usines Grenoble GIE
FR3131,Production Internationale SCS
FR3132,Métallurgie Strasbourgeoise SE
FR3133,Entreprise Clermontoise SA
FR3134,Production Dijonnaise de Grenoble SE
FR3135,Usines Toulon EURL
FR3136,Production Amiénoise de Besançon SNC
FR3137,Société Parisienne SAS
FR3138,Hydraulique Avancée GIE
FR3139,Groupe Limoges GIE
FR3140,Compagnie Performante de Perpignan EURL
FR3141,Manufacture Toulousaine de Dijon SARL
FR3142,Métallurgie Strasbourgeoise de Nancy SNC
FR3143,Textile Toulousaine de Clermont SCOP
FR3144,Innovation Qualité SCOP
FR3145,Plastique Rennes SNC
FR3146,Énergie Angers SCOP
FR3147,Système Mulhouse SCOP
FR3148,Verre Angers SAS
FR3149,Manufacture Innovante de Saint-Étienne SARL
FR3150,Ferroviaire Nationale de Strasbourg SA
FR3151,Entreprise Limogeaude de Dijon SA
FR3152,Développement Lille EURL
FR3153,Services Strasbourgeoise de Caen SAS
FR3154,Système Dijonnaise SCS
FR3155,Compagnie Intégrée de Lille SA
FR3156,Système Efficace SARL
FR3157,Usines Orleanaise de Bordeaux GIE
FR3158,Textile Rennaise de Amiens SCOP
FR3159,Bois Bordelaise de Lille EURL
FR3160,Mécanique Tours SNC
FR3161,Système Paris SCS
FR3162,Verre Tourangelle SE
FR3163,Métallurgie Tourangelle de Bordeaux SA
FR3164,Ateliers Brest SCOP
FR3165,Production Intégrée de Metz SCOP
FR3166,Entreprise Nancy SAS
FR3167,Énergie Perpignan SE
FR3168,Innovation Limogeaude SE
FR3169,Alimentaire Générale de Bordeaux SCOP
FR3170,Services Mulhouse EURL
FR3171,Hydraulique Montpelliéraine SE
FR3172,Alimentaire Saint-Étienne SCOP
FR3173,Automobile Internationale SARL
FR3174,Énergie Amiénoise GIE
FR3175,Industrie Régionale SA
FR3176,Système Montpelliéraine de Nancy EURL
FR3177,Compagnie Internationale de Lyon SCS
FR3178,Aéronautique Lilloise de Dijon SNC
FR3179,Technologie Nantaise de Grenoble SAS
FR3180,Société Innovante SE
FR3181,Mécanique Strasbourg SA
FR3182,Société Européenne SA
FR3183,Automobile Excellence de Limoges SNC
FR3184,Électronique Excellence de Besançon SCS
FR3185,Entreprise Créative de Rouen SARL
FR3186,Hydraulique Intégrée SA
FR3187,Technologie Amiénoise SE
FR3188,Technologie Parisienne SCOP
FR3189,Entreprise Dynamique SCOP
FR3190,Production Précision de Limoges GIE
FR3191,Fabrique Tours SE
FR3192,Société Créative SE
FR3193,Technologie Montpellier EURL
FR3194,Métallurgie Parisienne SCS
FR3195,Alimentaire Tours SCOP
FR3196,Usines Grenobloise de Mulhouse SNC
FR3197,Alimentaire Rennes SNC
FR3198,Verre Lille GIE
FR3199,Mécanique Montpelliéraine de Nancy EURL
FR3200,Métallurgie Internationale de Besançon EURL
FR3201,Ateliers Strasbourg GIE
FR3202,Textile Montpelliéraine de Toulon SE
FR3203,Ferroviaire Dijon SCS
FR3204,Système Internationale EURL
FR3205,Plastique Lilloise de Besançon EURL
FR3206,Verre Régionale SCS
FR3207,Développement Grenoble SE
FR3208,Textile Perpignan SNC
FR3209,Industrie Dijonnaise de Nancy SNC
FR3210,Hydraulique Durable de Caen SARL
FR3211,Ferroviaire Grenobloise de Lille SA
FR3212,Consulting Brestoise SA
FR3213,Électronique Strasbourgeoise SCS
FR3214,Textile Dijonnaise SARL
FR3215,Solutions Moderne de Saint-Étienne SCOP
FR3216,Consulting Avancée SCOP
FR3217,Métallurgie Rouennaise de Rouen SARL
FR3218,Société Continentale de Orléans SAS
FR3219,Usines Fiable de Amiens SE
FR3220,Fabrique Spécialisée SA
FR3221,Hydraulique Industrielle SE
FR3222,Fabrique Européenne de Annecy SE
FR3223,Céramique Toulousaine de Besançon SCS
FR3224,Aéronautique Rennes SCOP
FR3225,Système Rennaise SCOP
FR3226,Métallurgie Commerciale de Saint-Étienne SCS
FR3227,Textile Précision SNC
FR3228,Usines Grenoble GIE
FR3229,Industrie Marseillaise SA
FR3230,Services Qualité EURL
FR3231,Usines Marseille SCS
FR3232,Textile Européenne de Paris SCOP
FR3233,Automobile Metz SAS
FR3234,Électronique Tourangelle SE
FR3235,Énergie Rouennaise de Besançon SCOP
FR3236,Automobile Nouvelle de Saint-Étienne SCOP
FR3237,Production Lyonnaise de Montpellier SAS
FR3238,Système Régionale SNC
FR3239,Solutions Montpelliéraine de Annecy SE
FR3240,Innovation Nantaise de Lille SAS
FR3241,Industrie Angers SNC
FR3242,Bois Limoges SARL
FR3243,Développement Générale SAS
FR3244,Manufacture Commerciale de Toulon SAS
FR3245,Compagnie Performante de Strasbourg SCOP
FR3246,Ferroviaire Intégrée SCS
FR3247,Métallurgie Dijon SAS
FR3248,Société Angers SAS
FR3249,Naval Nationale SE
FR3250,Technologie Nouvelle SARL
FR3251,Solutions Dijonnaise SCOP
FR3252,Technologie Strasbourg SCS
FR3253,Solutions Moderne de Toulouse SAS
FR3254,Entreprise Dynamique SNC
FR3255,Système Française de Reims SCS
FR3256,Solutions Rouen SE
FR3257,Usines Générale SCOP
FR3258,Système Internationale de Bordeaux SNC
FR3259,Développement Limogeaude SCOP
FR3260,Aéronautique Lyon SCOP
FR3261,Technologie Strasbourg SARL
FR3262,Consulting Performante SCOP
FR3263,Usines Clermontoise SCOP
FR3264,Consulting Rennaise de Lyon SAS
FR3265,Ateliers Rennaise de Dijon SCS
FR3266,Groupe Strasbourg EURL
FR3267,Société Limogeaude de Amiens SE
FR3268,Naval Industrielle SE
FR3269,Solutions Fiable SCS
FR3270,Verre Lille SA
FR3271,Électronique Nancy GIE
FR3272,Textile Bordelaise de Marseille SCOP
FR3273,Solutions Durable de Lyon SARL
FR3274,Système Metz SCS
FR3275,Électronique Dijonnaise de Rennes SCOP
FR3276,Innovation Caen EURL
FR3277,Céramique Spécialisée SARL
FR3278,Usines Rouennaise de Paris GIE
FR3279,Usines Clermontoise de Toulouse SAS
FR3280,Naval Moderne SCOP
FR3281,Compagnie Bordelaise SARL
FR3282,Technologie Marseillaise SARL
FR3283,Alimentaire Performante SE
FR3284,Solutions Tours SNC
FR3285,Bois Brest EURL
FR3286,Technologie Intégrée SNC
FR3287,Mécanique Marseille SARL
FR3288,Verre Dynamique de Nantes SE
FR3289,Textile Angers SAS
FR3290,Fabrique Parisienne de Reims EURL
FR3291,Chimie Nationale de Annecy SARL
FR3292,Solutions Performante de Nantes SCS
FR3293,Manufacture Orléans EURL
FR3294,Métallurgie Dijonnaise GIE
FR3295,Plastique Nationale SNC
FR3296,Manufacture Limogeaude SARL
FR3297,Production Clermont SA
FR3298,Système Spécialisée EURL
FR3299,Groupe Nouvelle de Clermont SARL
FR3300,Céramique Orleanaise de Nantes SAS
FR3301,Ateliers Européenne SCS
FR3302,Industrie Paris SNC
FR3303,Usines Parisienne de Caen SCS
FR3304,Aéronautique Régionale de Mulhouse GIE
FR3305,Plastique Montpellier SCS
FR3306,Technologie Amiénoise SNC
FR3307,Développement Lyon GIE
FR3308,Groupe Toulouse SE
FR3309,Manufacture Bordeaux SE
FR3310,Verre Amiens SARL
FR3311,Société Limoges SA
FR3312,Plastique Nouvelle de Nantes SARL
FR3313,Ateliers Orléans SA
FR3314,Hydraulique Orléans GIE
FR3315,Groupe Grenoble EURL
FR3316,Groupe Tourangelle SCS
FR3317,Innovation Internationale SAS
FR3318,Automobile Montpelliéraine de Brest SCS
FR3319,Aéronautique Angers GIE
FR3320,Manufacture Brest SARL
FR3321,Innovation Performante de Angers EURL
FR3322,Aéronautique Limogeaude de Mulhouse GIE
FR3323,Compagnie Limoges SARL
FR3324,Fabrique Lyon SCOP
FR3325,Métallurgie Clermont GIE
FR3326,Alimentaire Toulon SA
FR3327,Usines Toulousaine SCOP
FR3328,Développement Marseillaise de Saint-Étienne SA
FR3329,Entreprise Tours SNC
FR3330,Consulting Performante SARL
FR3331,Hydraulique Marseillaise de Nancy SNC
FR3332,Verre Excellence de Amiens SE
FR3333,Innovation Metz SCOP
FR3334,Céramique Saint-Étienne SE
FR3335,Céramique Nantes SARL
FR3336,Mécanique Toulousaine SCOP
FR3337,Technologie Strasbourg GIE
FR3338,Hydraulique Performante SNC
FR3339,Aéronautique Lyonnaise SARL
FR3340,Automobile Lyon SAS
FR3341,Groupe Technique de Perpignan SCOP
FR3342,Ateliers Strasbourgeoise de Paris GIE
FR3343,Manufacture Dynamique de Toulouse SNC
FR3344,Compagnie Amiénoise de Metz SCS
FR3345,Hydraulique Excellence de Mulhouse SE
FR3346,Production Bordelaise de Orléans SARL
FR3347,Hydraulique Dynamique SNC
FR3348,Entreprise Mulhouse GIE
FR3349,Fabrique Grenobloise de Orléans SARL
FR3350,Hydraulique Orleanaise de Limoges SCOP
FR3351,Technologie Toulousaine SA
FR3352,Textile Spécialisée de Perpignan SARL
FR3353,Bois Durable SARL
FR3354,Compagnie Grenobloise de Mulhouse SE
FR3355,Métallurgie Grenobloise GIE
FR3356,Verre Qualité SCOP
FR3357,Chimie Orleanaise SARL
FR3358,Automobile Clermont SCS
FR3359,Consulting Montpelliéraine de Rouen SCOP
FR3360,Services Montpellier GIE
FR3361,Naval Strasbourg GIE
FR3362,Société Excellence de Reims GIE
FR3363,Bois Nationale de Bordeaux SE
FR3364,Automobile Parisienne SNC
FR3365,Aéronautique Lyonnaise SAS
FR3366,Système Continentale EURL
FR3367,Fabrique Lyonnaise de Tours SE
FR3368,Métallurgie Commerciale GIE
FR3369,Société Avancée SAS
FR3370,Aéronautique Clermont SARL
FR3371,Entreprise Marseille SNC
FR3372,Usines Qualité de Montpellier EURL
FR3373,Système Toulouse GIE
FR3374,Ferroviaire Grenoble SA
FR3375,Consulting Marseillaise SNC
FR3376,Alimentaire Caen SA
FR3377,Métallurgie Nantes SCOP
FR3378,Ateliers Nancy SCS
FR3379,Innovation Rennes SNC
FR3380,Céramique Internationale SARL
FR3381,Entreprise Reims SAS
FR3382,Société Commerciale de Caen SE
FR3383,Naval Toulouse SAS
FR3384,Aéronautique Brestoise GIE
FR3385,Services Française SAS
FR3386,Développement Commerciale de Angers GIE
FR3387,Consulting Fiable GIE
FR3388,Hydraulique Nationale SNC
FR3389,Alimentaire Qualité SNC
FR3390,Usines Précision SAS
FR3391,Ferroviaire Régionale de Reims EURL
FR3392,Société Continentale SARL
FR3393,Groupe Orleanaise de Toulon SE
FR3394,Solutions Moderne de Bordeaux SCS
FR3395,Fabrique Tours SE
FR3396,Plastique Excellence SA
FR3397,Électronique Rennaise SNC
FR3398,Groupe Tourangelle GIE
FR3399,Automobile Clermont SCOP
FR3400,Automobile Limogeaude de Lyon SAS
FR3401,Textile Avancée SCS
FR3402,Manufacture Durable de Annecy SCOP
FR3403,Services Dijonnaise SE
FR3404,Consulting Régionale SNC
FR3405,Fabrique Dynamique de Toulon SAS
FR3406,Groupe Lilloise de Nancy GIE
FR3407,Services Toulousaine SA
FR3408,Technologie Nantes SAS
FR3409,Aéronautique Avancée SCOP
FR3410,Fabrique Dijon SARL
FR3411,Compagnie Montpelliéraine SNC
FR3412,Hydraulique Limogeaude SE
FR3413,Groupe Lyon SE
FR3414,Verre Brest SCOP
FR3415,Compagnie Montpelliéraine de Orléans SCS
FR3416,Métallurgie Nouvelle SAS
FR3417,Système Marseille GIE
FR3418,Usines Grenobloise SA
FR3419,Ferroviaire Européenne de Clermont EURL
FR3420,Bois Commerciale de Orléans SA
FR3421,Système Limoges SNC
FR3422,Fabrique Bordelaise de Reims SE
FR3423,Développement Paris SNC
FR3424,Automobile Limogeaude de Nancy SNC
FR3425,Alimentaire Rouennaise EURL
FR3426,Innovation Rouennaise de Rouen SCOP
FR3427,Énergie Efficace de Orléans SARL
FR3428,Solutions Amiénoise de Nancy SNC
FR3429,Énergie Grenobloise de Lille SA
FR3430,Bois Perpignan SAS
FR3431,Ferroviaire Continentale de Nancy SA
FR3432,Entreprise Excellence GIE
FR3433,Innovation Marseillaise de Angers GIE
FR3434,Textile Perpignan SE
FR3435,Services Européenne EURL
FR3436,Ateliers Technique SARL
FR3437,Hydraulique Mulhouse SE
FR3438,Automobile Rennes SAS
FR3439,Plastique Clermont SNC
FR3440,Solutions Reims SCS
FR3441,Solutions Toulouse SE
FR3442,Textile Amiénoise de Nantes SARL
FR3443,Hydraulique Performante SNC
FR3444,Automobile Qualité de Limoges SE
FR3445,Groupe Angevine SCS
FR3446,Ferroviaire Lilloise SNC
FR3447,Bois Annecy SA
FR3448,Bois Rennes SAS
FR3449,Solutions Innovante de Tours EURL
FR3450,Consulting Durable de Nantes SARL
FR3451,Énergie Parisienne de Caen GIE
FR3452,Solutions Montpelliéraine SE
FR3453,Solutions Toulouse SAS
FR3454,Usines Bordeaux SAS
FR3455,Industrie Parisienne SARL
FR3456,Bois Caen SA
FR3457,Ferroviaire Nationale de Lyon SARL
FR3458,Innovation Annecy GIE
FR3459,Groupe Amiénoise de Rouen SE
FR3460,Compagnie Toulon SE
FR3461,Ferroviaire Brestoise de Annecy GIE
FR3462,Fabrique Dijonnaise de Rouen SCS
FR3463,Textile Paris SARL
FR3464,Manufacture Caen GIE
FR3465,Plastique Brestoise SCS
FR3466,Entreprise Européenne SA
FR3467,Bois Marseille SNC
FR3468,Verre Besançon SNC
FR3469,Compagnie Orleanaise de Lyon SNC
FR3470,Ateliers Internationale SNC
FR3471,Industrie Toulon SE
FR3472,Céramique Innovante EURL
FR3473,Verre Grenobloise GIE
FR3474,Services Commerciale de Brest GIE
FR3475,Usines Spécialisée SE
FR3476,Entreprise Régionale SA
FR3477,Plastique Intégrée SARL
FR3478,Consulting Marseille SA
FR3479,Chimie Intégrée de Tours SE
FR3480,Bois Lyonnaise SNC
FR3481,Plastique Rennaise SARL
FR3482,Textile Bordelaise de Amiens SCOP
FR3483,Fabrique Générale de Dijon SNC
FR3484,Ateliers Nantes SE
FR3485,Verre Rennes GIE
FR3486,Production Excellence SCOP
FR3487,Groupe Limogeaude SCS
FR3488,Chimie Efficace de Montpellier SNC
FR3489,Textile Nantes SE
FR3490,Production Rennaise de Amiens SCS
FR3491,Manufacture Toulousaine de Nancy SARL
FR3492,Alimentaire Moderne SNC
FR3493,Fabrique Brestoise de Strasbourg SCOP
FR3494,Textile Paris SA
FR3495,Technologie Grenobloise SNC
FR3496,Céramique Nantaise de Caen GIE
FR3497,Plastique Marseille SCOP
FR3498,Chimie Marseille SA
FR3499,Plastique Lyonnaise de Besançon SAS
FR3500,Compagnie Clermont SAS
FR3501,Société Régionale EURL
FR3502,Fabrique Dijonnaise de Paris SA
FR3503,Textile Efficace SA
FR3504,Compagnie Technique de Brest SNC
FR3505,Services Créative SAS
FR3506,Solutions Moderne SCS
FR3507,Ferroviaire Bordelaise de Perpignan GIE
FR3508,Hydraulique Rouennaise de Lille SCOP
FR3509,Compagnie Paris SARL
FR3510,Société Rouennaise de Toulon SCS
FR3511,Services Efficace SAS
FR3512,Plastique Nouvelle de Limoges SNC
FR3513,Alimentaire Limoges GIE
FR3514,Métallurgie Commerciale GIE
FR3515,Services Limogeaude SNC
FR3516,Électronique Annecy SCS
FR3517,Électronique Brest SAS
FR3518,Alimentaire Toulousaine SCOP
FR3519,Groupe Internationale SCS
FR3520,Plastique Internationale de Lille SAS
FR3521,Industrie Excellence de Brest SA
FR3522,Textile Lilloise SA
FR3523,Manufacture Mulhouse SARL
FR3524,Compagnie Lilloise SCOP
FR3525,Manufacture Annecy SCS
FR3526,Aéronautique Efficace GIE
FR3527,Manufacture Caen SCS
FR3528,Métallurgie Metz SARL
FR3529,Industrie Strasbourgeoise SAS
FR3530,Chimie Toulousaine de Strasbourg SA
FR3531,Groupe Strasbourgeoise de Toulouse SCS
FR3532,Technologie Continentale de Orléans SNC
FR3533,Société Nouvelle SNC
FR3534,Aéronautique Dijonnaise SAS
FR3535,Chimie Nancy SCS
FR3536,Services Paris SARL
FR3537,Verre Tourangelle EURL
FR3538,Usines Montpellier SNC
FR3539,Société Clermontoise de Paris GIE
FR3540,Mécanique Brest SARL
FR3541,Ateliers Orleanaise de Mulhouse SCS
FR3542,Chimie Continentale de Caen EURL
FR3543,Production Dijon SCS
FR3544,Groupe Moderne SCOP
FR3545,Manufacture Internationale de Caen GIE
FR3546,Entreprise Commerciale GIE
FR3547,Consulting Spécialisée SE
FR3548,Solutions Performante EURL
FR3549,Plastique Orleanaise SA
FR3550,Système Lyon SCS
FR3551,Chimie Amiens SARL
FR3552,Bois Française SNC
FR3553,Ateliers Rennes SE
FR3554,Groupe Dynamique de Metz SAS
FR3555,Production Orleanaise EURL
FR3556,Industrie Marseillaise SA
FR3557,Société Continentale de Lyon EURL
FR3558,Céramique Bordeaux SNC
FR3559,Usines Strasbourgeoise de Dijon GIE
FR3560,Industrie Tourangelle SCS
FR3561,Aéronautique Marseille SAS
FR3562,Automobile Dijon SAS
FR3563,Consulting Annecy SAS
FR3564,Production Intégrée SCS
FR3565,Naval Intégrée SA
FR3566,Aéronautique Bordelaise SARL
FR3567,Industrie Montpelliéraine EURL
FR3568,Système Nantaise de Caen SCS
FR3569,Énergie Tours SCS
FR3570,Ateliers Clermont SE
FR3571,Plastique Brest SE
FR3572,Textile Durable SCOP
FR3573,Ateliers Limoges SE
FR3574,Groupe Européenne de Amiens EURL
FR3575,Solutions Nantaise SE
FR3576,Ferroviaire Montpelliéraine de Rennes SE
FR3577,Groupe Limoges SARL
FR3578,Ferroviaire Paris SA
FR3579,Solutions Brest SNC
FR3580,Services Paris SAS
FR3581,Métallurgie Brestoise de Rennes SCOP
FR3582,Usines Nantaise de Montpellier GIE
FR3583,Industrie Efficace SAS
FR3584,Société Paris EURL
FR3585,Production Orleanaise SAS
FR3586,Fabrique Fiable SARL
FR3587,Fabrique Technique SARL
FR3588,Développement Internationale de Lyon EURL
FR3589,Chimie Excellence EURL
FR3590,Chimie Internationale SARL
FR3591,Entreprise Nancy SA
FR3592,Compagnie Amiens SARL
FR3593,Société Lille SE
FR3594,Manufacture Limogeaude de Perpignan EURL
FR3595,Métallurgie Dijon GIE
FR3596,Compagnie Dijonnaise de Clermont SARL
FR3597,Plastique Internationale de Mulhouse SE
FR3598,Verre Dijon SA
FR3599,Verre Rouennaise SARL
FR3600,Plastique Tours SNC
FR3601,Développement Angevine SA
FR3602,Innovation Efficace de Angers SNC
FR3603,Céramique Continentale SA
FR3604,Naval Besançon SAS
FR3605,Fabrique Marseille SARL
FR3606,Production Limogeaude EURL
FR3607,Alimentaire Créative de Reims SE
FR3608,Ateliers Efficace de Besançon SE
FR3609,Société Commerciale de Angers SCOP
FR3610,Céramique Rouennaise de Saint-Étienne EURL
FR3611,Compagnie Rennes GIE
FR3612,Alimentaire Amiénoise de Saint-Étienne SAS
FR3613,Naval Metz SCS
FR3614,Consulting Orleanaise de Rennes EURL
FR3615,Société Marseille EURL
FR3616,Plastique Performante SE
FR3617,Métallurgie Régionale de Toulon SCOP
FR3618,Métallurgie Générale de Annecy SCS
FR3619,Métallurgie Dynamique SCS
FR3620,Plastique Besançon SCOP
FR3621,Bois Excellence SE
FR3622,Solutions Marseille SAS
FR3623,Mécanique Régionale SA
FR3624,Alimentaire Limoges SNC
FR3625,Alimentaire Angers GIE
FR3626,Plastique Durable GIE
FR3627,Usines Amiénoise SA
FR3628,Consulting Rennes SARL
FR3629,Usines Tourangelle de Metz SA
FR3630,Innovation Amiénoise SAS
FR3631,Textile Angevine EURL
FR3632,Céramique Bordeaux SCOP
FR3633,Manufacture Parisienne SE
FR3634,Chimie Caen SAS
FR3635,Plastique Innovante de Marseille SCOP
FR3636,Textile Grenobloise de Montpellier EURL
FR3637,Technologie Avancée SE
FR3638,Énergie Amiens SARL
FR3639,Système Créative de Reims SA
FR3640,Production Orleanaise de Orléans SCOP
FR3641,Verre Clermont SCS
FR3642,Naval Lyonnaise de Rennes SARL
FR3643,Société Perpignan SCS
FR3644,Aéronautique Commerciale SARL
FR3645,Société Caen SA
FR3646,Technologie Rouen SARL
FR3647,Naval Performante de Toulouse EURL
FR3648,Services Durable de Toulon SARL
FR3649,Compagnie Caen SAS
FR3650,Usines Dijonnaise de Angers GIE
FR3651,Verre Montpelliéraine de Angers SA
FR3652,Énergie Amiénoise de Nantes SCS
FR3653,Chimie Caen EURL
FR3654,Système Rouennaise SCOP
FR3655,Technologie Lyonnaise de Montpellier SNC
FR3656,Services Nantes EURL
FR3657,Automobile Strasbourgeoise SE
FR3658,Compagnie Orléans SE
FR3659,Technologie Nationale de Annecy SCOP
FR3660,Système Paris GIE
FR3661,Énergie Dijon SAS
FR3662,Services Innovante de Nancy SE
FR3663,Énergie Performante GIE
FR3664,Développement Internationale de Lille SCOP
FR3665,Fabrique Rouennaise de Lille EURL
FR3666,Production Grenobloise de Lyon SE
FR3667,Mécanique Limogeaude de Montpellier SAS
FR3668,Production Performante SAS
FR3669,Groupe Nationale de Perpignan SAS
FR3670,Alimentaire Nancy SCS
FR3671,Bois Amiénoise SCOP
FR3672,Usines Commerciale de Rennes SA
FR3673,Métallurgie Lilloise EURL
FR3674,Électronique Grenoble SE
FR3675,Entreprise Orleanaise GIE
FR3676,Mécanique Performante de Bordeaux GIE
FR3677,Plastique Nationale de Grenoble SARL
FR3678,Société Régionale de Rennes SCS
FR3679,Entreprise Régionale SARL
FR3680,Entreprise Durable SCS
FR3681,Compagnie Durable de Tours GIE
FR3682,Aéronautique Innovante SCOP
FR3683,Industrie Rennes SA
FR3684,Système Performante de Marseille SA
FR3685,Ateliers Rennaise de Nantes SARL
FR3686,Consulting Avancée de Orléans GIE
FR3687,Verre Amiens SE
FR3688,Système Avancée SCOP
FR3689,Technologie Rennaise de Nancy SCOP
FR3690,Naval Européenne de Brest SE
FR3691,Céramique Continentale EURL
FR3692,Électronique Angers SARL
FR3693,Bois Lille SNC
FR3694,Hydraulique Strasbourg SCS
FR3695,Production Marseillaise SAS
FR3696,Manufacture Continentale de Annecy SCOP
FR3697,Naval Tourangelle SCOP
FR3698,Céramique Innovante de Dijon SCOP
FR3699,Automobile Générale de Rouen GIE
FR3700,Électronique Perpignan GIE
FR3701,Chimie Avancée SA
FR3702,Céramique Amiénoise SCS
FR3703,Société Qualité de Rennes GIE
FR3704,Naval Nouvelle de Toulouse SARL
FR3705,Chimie Rennaise GIE
FR3706,Plastique Saint-Étienne SCOP
FR3707,Plastique Continentale SARL
FR3708,Solutions Avancée de Bordeaux SNC
FR3709,Mécanique Industrielle SE
FR3710,Verre Continentale SNC
FR3711,Alimentaire Saint-Étienne SNC
FR3712,Développement Angers SNC
FR3713,Consulting Excellence de Perpignan EURL
FR3714,Métallurgie Rouen SCOP
FR3715,Métallurgie Moderne de Lyon SNC
FR3716,Système Rouennaise de Paris EURL
FR3717,Fabrique Excellence de Saint-Étienne SCOP
FR3718,Métallurgie Strasbourg EURL
FR3719,Industrie Nantes SCOP
FR3720,Technologie Toulon SCOP
FR3721,Textile Montpellier SE
FR3722,Céramique Régionale SCS
FR3723,Fabrique Lyon EURL
FR3724,Métallurgie Durable de Besançon GIE
FR3725,Production Tours EURL
FR3726,Manufacture Toulouse SCS
FR3727,Usines Clermontoise de Grenoble SCOP
FR3728,Verre Dijonnaise de Tours SCS
FR3729,Ferroviaire Lyonnaise SE
FR3730,Solutions Nantaise SNC
FR3731,Développement Fiable SCS
FR3732,Services Montpellier SE
FR3733,Solutions Tourangelle SAS
FR3734,Fabrique Marseillaise EURL
FR3735,Développement Nancy EURL
FR3736,Électronique Orleanaise de Reims SCOP
FR3737,Verre Commerciale de Paris SA
FR3738,Textile Rouennaise de Dijon SNC
FR3739,Production Créative SARL
FR3740,Mécanique Rennes SCOP
FR3741,Société Angevine EURL
FR3742,Plastique Toulousaine de Strasbourg SAS
FR3743,Métallurgie Grenoble GIE
FR3744,Alimentaire Lille EURL
FR3745,Production Lyon EURL
FR3746,Fabrique Européenne GIE
FR3747,Industrie Bordeaux SA
FR3748,Céramique Intégrée SCOP
FR3749,Automobile Intégrée SCS
FR3750,Automobile Rouennaise de Angers SCOP
FR3751,Textile Strasbourg SA
FR3752,Plastique Clermontoise SA
FR3753,Services Toulon SE
FR3754,Énergie Lyon EURL
FR3755,Fabrique Brest SAS
FR3756,Entreprise Qualité SA
FR3757,Système Rouen SAS
FR3758,Plastique Toulousaine SCOP
FR3759,Développement Performante de Orléans SE
FR3760,Ferroviaire Créative SCOP
FR3761,Technologie Limogeaude de Dijon SA
FR3762,Aéronautique Nancy SCOP
FR3763,Hydraulique Nantaise SAS
FR3764,Alimentaire Nationale de Toulon GIE
FR3765,Hydraulique Amiens EURL
FR3766,Innovation Annecy SARL
FR3767,Fabrique Paris SARL
FR3768,Naval Technique de Bordeaux SA
FR3769,Céramique Précision de Metz SA
FR3770,Entreprise Intégrée SA
FR3771,Société Angers EURL
FR3772,Ateliers Qualité de Reims SNC
FR3773,Usines Strasbourg SARL
FR3774,Énergie Bordeaux SNC
FR3775,Naval Montpelliéraine SAS
FR3776,Production Bordelaise GIE
FR3777,Développement Qualité de Besançon GIE
FR3778,Industrie Perpignan SE
FR3779,Mécanique Tourangelle de Orléans SNC
FR3780,Électronique Technique de Amiens SE
FR3781,Alimentaire Orléans SNC
FR3782,Système Lyonnaise de Angers SCS
FR3783,Chimie Nantaise SCS
FR3784,Développement Précision de Dijon SAS
FR3785,Système Clermont SCS
FR3786,Technologie Nouvelle SCOP
FR3787,Chimie Durable de Lyon SAS
FR3788,Chimie Commerciale SARL
FR3789,Plastique Durable SAS
FR3790,Textile Paris EURL
FR3791,Textile Française GIE
FR3792,Production Créative de Strasbourg GIE
FR3793,Technologie Dijon GIE
FR3794,Développement Précision de Lyon SE
FR3795,Ateliers Saint-Étienne EURL
FR3796,Société Marseillaise de Tours SNC
FR3797,Système Nantaise SARL
FR3798,Technologie Saint-Étienne SCS
FR3799,Usines Régionale de Nantes SE
FR3800,Énergie Mulhouse SNC
FR3801,Usines Industrielle SCS
FR3802,Électronique Angevine SAS
FR3803,Bois Montpelliéraine SE
FR3804,Ferroviaire Amiénoise de Limoges SCS
FR3805,Bois Dynamique GIE
FR3806,Électronique Saint-Étienne GIE
FR3807,Mécanique Performante de Toulouse SAS
FR3808,Automobile Marseille SAS
FR3809,Manufacture Paris SARL
FR3810,Développement Commerciale EURL
FR3811,Énergie Technique de Marseille SARL
FR3812,Production Moderne SNC
FR3813,Système Technique EURL
FR3814,Services Clermont GIE
FR3815,Système Lyonnaise SA
FR3816,Système Commerciale SCS
FR3817,Ateliers Nancy SCS
FR3818,Technologie Brestoise EURL
FR3819,Industrie Reims SE
FR3820,Céramique Précision de Metz SAS
FR3821,Groupe Toulousaine SCOP
FR3822,Naval Besançon EURL
FR3823,Solutions Technique de Metz GIE
FR3824,Solutions Spécialisée de Mulhouse GIE
FR3825,Usines Dynamique de Caen SE
FR3826,Verre Orléans GIE
FR3827,Automobile Toulon SNC
FR3828,Entreprise Dijonnaise SAS
FR3829,Services Excellence de Toulouse SAS
FR3830,Services Continentale de Orléans SAS
FR3831,Entreprise Industrielle de Grenoble SCOP
FR3832,Manufacture Internationale de Amiens SCOP
FR3833,Automobile Dynamique SCS
FR3834,Ateliers Créative de Bordeaux SNC
FR3835,Naval Clermont SCOP
FR3836,Hydraulique Fiable SARL
FR3837,Consulting Commerciale SNC
FR3838,Manufacture Rouennaise de Dijon GIE
FR3839,Verre Toulon GIE
FR3840,Chimie Durable SARL
FR3841,Hydraulique Qualité de Grenoble SAS
FR3842,Automobile Dynamique SA
FR3843,Fabrique Orléans SA
FR3844,Ferroviaire Rouennaise de Clermont GIE
FR3845,Entreprise Amiens GIE
FR3846,Industrie Innovante SCOP
FR3847,Chimie Dijon SNC
FR3848,Hydraulique Dijonnaise SE
FR3849,Consulting Tourangelle SCOP
FR3850,Verre Qualité de Annecy SE
FR3851,Mécanique Lyon SE
FR3852,Textile Lyonnaise de Metz SAS
FR3853,Industrie Française de Toulouse SAS
FR3854,Système Orléans SAS
FR3855,Verre Tourangelle SE
FR3856,Technologie Perpignan SE
FR3857,Ateliers Orleanaise de Brest SA
FR3858,Innovation Performante de Grenoble SA
FR3859,Consulting Précision de Rennes SCOP
FR3860,Ateliers Innovante SCS
FR3861,Production Caen SCS
FR3862,Industrie Clermontoise SA
FR3863,Verre Nancy SCS
FR3864,Chimie Nationale de Toulouse SNC
FR3865,Innovation Nouvelle de Metz SE
FR3866,Automobile Nouvelle de Limoges SA
FR3867,Manufacture Créative SARL
FR3868,Société Parisienne SARL
FR3869,Usines Toulousaine EURL
FR3870,Développement Rennaise de Dijon SA
FR3871,Automobile Innovante GIE
FR3872,Société Nationale SAS
FR3873,Chimie Précision GIE
FR3874,Automobile Besançon SAS
FR3875,Industrie Européenne de Lille EURL
FR3876,Mécanique Nouvelle SA
FR3877,Bois Angevine SE
FR3878,Services Grenoble GIE
FR3879,Services Grenoble EURL
FR3880,Compagnie Rennaise SNC
FR3881,Système Fiable SA
FR3882,Technologie Strasbourgeoise SARL
FR3883,Production Amiens SCOP
FR3884,Métallurgie Saint-Étienne SE
FR3885,Chimie Innovante de Reims SCS
FR3886,Système Montpelliéraine SNC
FR3887,Textile Lilloise GIE
FR3888,Plastique Orléans SARL
FR3889,Alimentaire Toulousaine SE
FR3890,Compagnie Limogeaude SCOP
FR3891,Plastique Dynamique EURL
FR3892,Mécanique Bordelaise SCOP
FR3893,Naval Dijonnaise de Rouen SNC
FR3894,Société Européenne EURL
FR3895,Innovation Bordelaise de Lille SE
FR3896,Entreprise Fiable de Bordeaux EURL
FR3897,Technologie Avancée de Limoges SA
FR3898,Technologie Innovante SARL
FR3899,Ferroviaire Dijonnaise SA
FR3900,Textile Grenoble SARL
FR3901,Aéronautique Fiable de Clermont SNC
FR3902,Textile Orleanaise de Annecy SCOP
FR3903,Ateliers Technique SARL
FR3904,Mécanique Amiens GIE
FR3905,Ferroviaire Caen GIE
FR3906,Verre Rouen SARL
FR3907,Verre Rennaise de Mulhouse SNC
FR3908,Développement Européenne de Angers SA
FR3909,Manufacture Toulouse SA
FR3910,Alimentaire Tours EURL
FR3911,Services Strasbourg SCS
FR3912,Compagnie Commerciale de Metz GIE
FR3913,Système Dijon SNC
FR3914,Hydraulique Industrielle de Angers SNC
FR3915,Naval Orléans SCS
FR3916,Plastique Générale SCS
FR3917,Fabrique Industrielle SARL
FR3918,Entreprise Nouvelle de Saint-Étienne SCOP
FR3919,Entreprise Rennaise de Limoges SNC
FR3920,Aéronautique Strasbourgeoise de Lyon SCOP
FR3921,Électronique Annecy SCS
FR3922,Métallurgie Clermontoise GIE
FR3923,Verre Marseille SARL
FR3924,Solutions Dynamique SA
FR3925,Automobile Toulon SARL
FR3926,Consulting Précision SCOP
FR3927,Alimentaire Durable de Mulhouse SA
FR3928,Système Lilloise SCOP
FR3929,Production Innovante GIE
FR3930,Plastique Strasbourgeoise de Saint-Étienne SCS
FR3931,Naval Lille SCS
FR3932,Verre Parisienne de Toulouse SARL
FR3933,Compagnie Lyonnaise de Besançon EURL
FR3934,Ferroviaire Angevine SAS
FR3935,Consulting Tours SA
FR3936,Textile Commerciale SARL
FR3937,Mécanique Mulhouse SA
FR3938,Solutions Dijon EURL
FR3939,Alimentaire Amiens SE
FR3940,Verre Marseille SCOP
FR3941,Chimie Tours GIE
FR3942,Chimie Reims SA
FR3943,Alimentaire Commerciale de Besançon SCS
FR3944,Automobile Strasbourgeoise SCS
FR3945,Consulting Strasbourgeoise SCS
FR3946,Énergie Durable de Montpellier SAS
FR3947,Ateliers Nationale de Bordeaux SNC
FR3948,Société Performante SAS
FR3949,Énergie Montpelliéraine de Lyon SCOP
FR3950,Céramique Clermont GIE
FR3951,Consulting Limoges SAS
FR3952,Développement Limogeaude SARL
FR3953,Société Lilloise SCOP
FR3954,Électronique Moderne de Paris SNC
FR3955,Société Brest SE
FR3956,Énergie Rennes SA
FR3957,Céramique Clermontoise de Nantes GIE
FR3958,Ateliers Metz SNC
FR3959,Usines Industrielle EURL
FR3960,Manufacture Durable GIE
FR3961,Verre Tours SA
FR3962,Hydraulique Commerciale de Angers SNC
FR3963,Textile Continentale de Besançon SARL
FR3964,Alimentaire Commerciale SCOP
FR3965,Métallurgie Dijonnaise de Nancy SA
FR3966,Usines Lilloise GIE
FR3967,Société Dijonnaise de Lille SNC
FR3968,Entreprise Technique SCOP
FR3969,Chimie Saint-Étienne EURL
FR3970,Verre Orléans SCOP
FR3971,Développement Reims EURL
FR3972,Industrie Montpellier SARL
FR3973,Céramique Brest SAS
FR3974,Fabrique Annecy SNC
FR3975,Société Limogeaude de Nancy SARL
FR3976,Services Strasbourgeoise SA
FR3977,Fabrique Toulon SNC
FR3978,Manufacture Toulousaine de Reims SCOP
FR3979,Ateliers Strasbourg EURL
FR3980,Consulting Innovante de Paris SARL
FR3981,Électronique Lilloise de Nantes SAS
FR3982,Naval Amiens SE
FR3983,Bois Lille GIE
FR3984,Plastique Perpignan SCOP
FR3985,Production Lyon SNC
FR3986,Solutions Toulouse GIE
FR3987,Groupe Marseillaise EURL
FR3988,Bois Amiens SA
FR3989,Verre Nouvelle SAS
FR3990,Société Marseillaise SCS
FR3991,Céramique Rennaise SARL
FR3992,Manufacture Lyonnaise SCS
FR3993,Groupe Bordeaux SCOP
FR3994,Industrie Parisienne SCOP
FR3995,Société Strasbourg SCOP
FR3996,Ateliers Clermontoise SE
FR3997,Hydraulique Spécialisée SARL
FR3998,Usines Parisienne de Grenoble SNC
FR3999,Métallurgie Amiens SARL
FR4000,Système Innovante SARL
FR4001,Électronique Amiénoise GIE
FR4002,Services Angevine de Besançon SNC
FR4003,Technologie Régionale SAS
FR4004,Alimentaire Montpelliéraine de Caen EURL
FR4005,Production Tours SA
FR4006,Aéronautique Spécialisée SAS
FR4007,Technologie Grenoble SCS
FR4008,Fabrique Spécialisée de Marseille GIE
FR4009,Électronique Metz SA
FR4010,Chimie Fiable SCS
FR4011,Société Rennaise SARL
FR4012,Compagnie Grenobloise de Brest GIE
FR4013,Mécanique Excellence SE
FR4014,Automobile Nantes GIE
FR4015,Bois Toulousaine SA
FR4016,Développement Saint-Étienne SE
FR4017,Compagnie Tours SARL
FR4018,Mécanique Précision SAS
FR4019,Verre Durable de Caen SE
FR4020,Innovation Perpignan SAS
FR4021,Textile Brest SNC
FR4022,Automobile Brestoise SCOP
FR4023,Céramique Clermont SNC
FR4024,Industrie Strasbourg SARL
FR4025,Énergie Besançon SAS
FR4026,Alimentaire Toulon EURL
FR4027,Groupe Parisienne SA
FR4028,Mécanique Internationale de Bordeaux SCOP
FR4029,Industrie Industrielle de Tours SE
FR4030,Compagnie Bordelaise SNC
FR4031,Compagnie Perpignan SAS
FR4032,Énergie Dijonnaise de Saint-Étienne SCOP
FR4033,Naval Dijon SA
FR4034,Alimentaire Angevine de Perpignan SE
FR4035,Automobile Dijon SNC
FR4036,Groupe Parisienne SE
FR4037,Usines Orléans EURL
FR4038,Ateliers Grenoble SARL
FR4039,Plastique Fiable de Grenoble SNC
FR4040,Électronique Rouennaise de Lille SA
FR4041,Industrie Nantaise SCS
FR4042,Céramique Moderne de Orléans SA
FR4043,Développement Tourangelle SNC
FR4044,Groupe Brest SA
FR4045,Manufacture Caen SE
FR4046,Hydraulique Nancy SAS
FR4047,Aéronautique Lyon SNC
FR4048,Verre Rouennaise de Limoges SA
FR4049,Énergie Mulhouse SCS
FR4050,Services Continentale de Clermont EURL
FR4051,Services Lyon SCOP
FR4052,Compagnie Grenobloise SARL
FR4053,Alimentaire Lilloise de Toulouse SE
FR4054,Technologie Dynamique SCS
FR4055,Verre Bordelaise SA
FR4056,Groupe Clermont GIE
FR4057,Compagnie Rennaise SE
FR4058,Manufacture Strasbourgeoise SAS
FR4059,Automobile Marseille SCS
FR4060,Développement Commerciale SCS
FR4061,Textile Orleanaise SNC
FR4062,Électronique Mulhouse SAS
FR4063,Aéronautique Moderne EURL
FR4064,Manufacture Grenoble SARL
FR4065,Plastique Générale de Saint-Étienne EURL
FR4066,Développement Amiénoise SCS
FR4067,Céramique Commerciale de Strasbourg SAS
FR4068,Fabrique Intégrée SAS
FR4069,Verre Moderne de Caen GIE
FR4070,Verre Rouennaise de Rennes SAS
FR4071,Aéronautique Moderne de Orléans SE
FR4072,Mécanique Perpignan SCOP
FR4073,Système Nancy SA
FR4074,Industrie Caen GIE
FR4075,Hydraulique Angevine SE
FR4076,Production Rennaise de Grenoble EURL
FR4077,Électronique Toulousaine de Saint-Étienne SNC
FR4078,Bois Toulouse SAS
FR4079,Alimentaire Perpignan GIE
FR4080,Chimie Grenobloise SCS
FR4081,Verre Annecy SNC
FR4082,Compagnie Bordelaise SARL
FR4083,Innovation Commerciale SE
FR4084,Industrie Performante GIE
FR4085,Mécanique Annecy SE
FR4086,Entreprise Industrielle SE
FR4087,Manufacture Internationale GIE
FR4088,Ateliers Strasbourg SA
FR4089,Plastique Angevine EURL
FR4090,Technologie Amiénoise SA
FR4091,Automobile Amiens EURL
FR4092,Hydraulique Paris SA
FR4093,Groupe Fiable de Toulouse EURL
FR4094,Groupe Annecy SARL
FR4095,Industrie Clermontoise de Caen SNC
FR4096,Consulting Saint-Étienne SCOP
FR4097,Naval Clermont SE
FR4098,Ateliers Dynamique de Mulhouse GIE
FR4099,Chimie Efficace SA
FR4100,Mécanique Dynamique de Perpignan SCOP
FR4101,Industrie Marseille SARL
FR4102,Aéronautique Européenne de Grenoble EURL
FR4103,Manufacture Spécialisée de Brest SAS
FR4104,Aéronautique Amiens SA
FR4105,Naval Reims SA
FR4106,Usines Clermont SARL
FR4107,Hydraulique Perpignan SCOP
FR4108,Innovation Efficace de Rennes GIE
FR4109,Innovation Perpignan SCS
FR4110,Aéronautique Besançon SE
FR4111,Industrie Brest SNC
FR4112,Plastique Continentale SCOP
FR4113,Système Créative SNC
FR4114,Fabrique Strasbourg GIE
FR4115,Usines Internationale de Annecy SA
FR4116,Bois Innovante SCS
FR4117,Ferroviaire Parisienne de Annecy GIE
FR4118,Entreprise Avancée de Bordeaux SARL
FR4119,Plastique Fiable de Marseille SAS
FR4120,Céramique Dijon SAS
FR4121,Ferroviaire Lyonnaise de Lille EURL
FR4122,Développement Besançon SNC
FR4123,Usines Besançon SE
FR4124,Fabrique Besançon SE
FR4125,Entreprise Orleanaise SA
FR4126,Automobile Perpignan SARL
FR4127,Services Marseillaise SAS
FR4128,Ferroviaire Régionale SE
FR4129,Consulting Orleanaise SCS
FR4130,Industrie Perpignan SA
FR4131,Métallurgie Générale GIE
FR4132,Hydraulique Qualité GIE
FR4133,Consulting Innovante de Grenoble SCS
FR4134,Usines Toulon SE
FR4135,Aéronautique Annecy SCS
FR4136,Services Qualité de Toulon SCS
FR4137,Alimentaire Régionale de Nantes SNC
FR4138,Société Strasbourg SCOP
FR4139,Bois Parisienne SAS
FR4140,Plastique Brestoise GIE
FR4141,Chimie Toulouse SCOP
FR4142,Solutions Orléans SE
FR4143,Bois Limogeaude de Brest SCOP
FR4144,Ferroviaire Lille SA
FR4145,Textile Limoges EURL
FR4146,Technologie Perpignan SNC
FR4147,Électronique Technique SCS
FR4148,Groupe Grenoble SAS
FR4149,Verre Efficace de Dijon SE
FR4150,Technologie Innovante SE
FR4151,Céramique Nantes SNC
FR4152,Bois Efficace EURL
FR4153,Solutions Européenne de Saint-Étienne EURL
FR4154,Ferroviaire Moderne SAS
FR4155,Automobile Angers SCOP
FR4156,Manufacture Limogeaude de Caen SE
FR4157,Services Montpelliéraine SA
FR4158,Consulting Limogeaude de Montpellier SA
FR4159,Production Spécialisée EURL
FR4160,Textile Excellence de Clermont SCOP
FR4161,Textile Dijonnaise de Clermont SCS
FR4162,Hydraulique Excellence SCOP
FR4163,Système Avancée SARL
FR4164,Développement Amiens SAS
FR4165,Verre Saint-Étienne SCOP
FR4166,Groupe Nancy SAS
FR4167,Ateliers Lilloise SARL
FR4168,Énergie Amiens SARL
FR4169,Système Toulousaine de Strasbourg SNC
FR4170,Usines Tourangelle de Perpignan SNC
FR4171,Services Marseillaise de Strasbourg SCS
FR4172,Industrie Strasbourg SAS
FR4173,Technologie Lyon SE
FR4174,Métallurgie Montpelliéraine GIE
FR4175,Automobile Besançon SA
FR4176,Naval Parisienne EURL
FR4177,Innovation Nouvelle SA
FR4178,Société Lille EURL
FR4179,Naval Caen SNC
FR4180,Services Bordelaise de Strasbourg SCOP
FR4181,Automobile Amiénoise de Lyon SE
FR4182,Société Rennes SCS
FR4183,Chimie Grenoble SE
FR4184,Services Excellence EURL
FR4185,Énergie Besançon SE
FR4186,Usines Nationale EURL
FR4187,Automobile Toulousaine SAS
FR4188,Verre Perpignan SCS
FR4189,Système Innovante de Montpellier SNC
FR4190,Développement Précision SCS
FR4191,Automobile Angevine de Clermont SA
FR4192,Céramique Parisienne de Paris SAS
FR4193,Ateliers Angers SAS
FR4194,Technologie Nantaise SCS
FR4195,Consulting Rennes SA
FR4196,Société Qualité EURL
FR4197,Innovation Strasbourg EURL
FR4198,Système Marseille SCS
FR4199,Plastique Créative SCS
FR4200,Services Européenne de Grenoble SNC
FR4201,Société Orleanaise de Tours GIE
FR4202,Mécanique Angers EURL
FR4203,Consulting Dijonnaise SAS
FR4204,Système Nantes GIE
FR4205,Manufacture Nancy SE
FR4206,Fabrique Marseille SNC
FR4207,Groupe Nouvelle SCS
FR4208,Fabrique Nantes SARL
FR4209,Énergie Internationale EURL
FR4210,Plastique Brestoise SAS
FR4211,Métallurgie Tours SARL
FR4212,Aéronautique Tours SARL
FR4213,Verre Reims SARL
FR4214,Ferroviaire Régionale de Saint-Étienne EURL
FR4215,Métallurgie Spécialisée de Nantes SCS
FR4216,Verre Limogeaude GIE
FR4217,Manufacture Précision de Toulouse GIE
FR4218,Manufacture Lyonnaise de Metz SAS
FR4219,Métallurgie Rennes SAS
FR4220,Système Lilloise de Montpellier SARL
FR4221,Chimie Toulouse SCS
FR4222,Fabrique Rouen SARL
FR4223,Groupe Industrielle SCOP
FR4224,Fabrique Limogeaude SCOP
FR4225,Développement Rennaise SAS
FR4226,Développement Dynamique de Reims SCS
FR4227,Technologie Lyonnaise SNC
FR4228,Automobile Générale de Perpignan GIE
FR4229,Consulting Grenobloise SE
FR4230,Groupe Grenobloise de Orléans SCS
FR4231,Automobile Brestoise de Mulhouse SA
FR4232,Chimie Industrielle de Lille SE
FR4233,Textile Fiable GIE
FR4234,Technologie Parisienne SE
FR4235,Système Caen SNC
FR4236,Textile Régionale SARL
FR4237,Système Montpelliéraine de Besançon SAS
FR4238,Technologie Continentale de Strasbourg GIE
FR4239,Aéronautique Clermont SE
FR4240,Développement Montpelliéraine SA
FR4241,Système Marseille SNC
FR4242,Technologie Annecy SA
FR4243,Céramique Internationale SAS
FR4244,Céramique Internationale de Rennes SA
FR4245,Groupe Clermont SCS
FR4246,Entreprise Nancy SNC
FR4247,Services Précision SARL
FR4248,Services Toulon SCS
FR4249,Technologie Rennaise SAS
FR4250,Services Reims SA
FR4251,Manufacture Industrielle SAS
FR4252,Verre Brestoise de Toulouse GIE
FR4253,Groupe Besançon GIE
FR4254,Mécanique Clermontoise SE
FR4255,Textile Strasbourg SCOP
FR4256,Automobile Strasbourgeoise SCOP
FR4257,Services Efficace de Lille SARL
FR4258,Céramique Bordelaise de Nancy SA
FR4259,Mécanique Rouen GIE
FR4260,Innovation Montpellier GIE
FR4261,Mécanique Orléans EURL
FR4262,Ferroviaire Performante de Limoges GIE
FR4263,Société Annecy EURL
FR4264,Mécanique Perpignan SA
FR4265,Automobile Nantaise SCOP
FR4266,Aéronautique Parisienne de Perpignan SARL
FR4267,Innovation Reims SNC
FR4268,Système Tourangelle SE
FR4269,Métallurgie Strasbourg SCOP
FR4270,Chimie Annecy SCS
FR4271,Bois Durable de Orléans SNC
FR4272,Système Continentale de Toulon SNC
FR4273,Bois Rennaise GIE
FR4274,Naval Montpelliéraine de Limoges EURL
FR4275,Entreprise Créative SA
FR4276,Alimentaire Dynamique SCS
FR4277,Compagnie Internationale de Bordeaux SNC
FR4278,Manufacture Marseillaise EURL
FR4279,Automobile Toulousaine de Amiens SNC
FR4280,Ateliers Tourangelle de Orléans EURL
FR4281,Développement Orléans EURL
FR4282,Bois Strasbourgeoise de Toulon SE
FR4283,Chimie Moderne SNC
FR4284,Bois Orleanaise de Brest GIE
FR4285,Entreprise Régionale de Mulhouse SNC
FR4286,Société Toulousaine de Orléans SAS
FR4287,Usines Lyonnaise de Rouen SE
FR4288,Bois Parisienne de Bordeaux SNC
FR4289,Automobile Mulhouse SCS
FR4290,Consulting Nouvelle de Caen SNC
FR4291,Solutions Parisienne de Amiens GIE
FR4292,Manufacture Internationale de Reims SCOP
FR4293,Fabrique Montpelliéraine de Clermont SAS
FR4294,Métallurgie Strasbourgeoise de Toulon SA
FR4295,Hydraulique Avancée SCS
FR4296,Société Toulon SCOP
FR4297,Céramique Clermontoise de Metz SNC
FR4298,Hydraulique Spécialisée GIE
FR4299,Textile Tours SNC
FR4300,Usines Paris SCOP
FR4301,Automobile Fiable de Brest SARL
FR4302,Aéronautique Dijon GIE
FR4303,Groupe Toulon GIE
FR4304,Industrie Spécialisée EURL
FR4305,Hydraulique Précision de Metz SARL
FR4306,Système Brest SARL
FR4307,Textile Orléans EURL
FR4308,Industrie Commerciale de Perpignan GIE
FR4309,Système Strasbourg SNC
FR4310,Consulting Strasbourgeoise de Grenoble EURL
FR4311,Manufacture Bordelaise de Montpellier SNC
FR4312,Céramique Nouvelle SA
FR4313,Alimentaire Lille SCOP
FR4314,Développement Excellence SE
FR4315,Hydraulique Annecy EURL
FR4316,Production Fiable SARL
FR4317,Ferroviaire Technique de Dijon SA
FR4318,Métallurgie Metz EURL
FR4319,Groupe Lilloise de Nancy GIE
FR4320,Production Créative SE
FR4321,Aéronautique Amiens SARL
FR4322,Production Moderne SNC
FR4323,Manufacture Technique de Paris SE
FR4324,Entreprise Dijon SAS
FR4325,Système Brest GIE
FR4326,Mécanique Angevine SE
FR4327,Manufacture Intégrée de Limoges SAS
FR4328,Alimentaire Durable de Nancy SAS
FR4329,Compagnie Brest GIE
FR4330,Usines Besançon GIE
FR4331,Ferroviaire Nantes GIE
FR4332,Société Perpignan SAS
FR4333,Usines Intégrée SA
FR4334,Céramique Rennes SNC
FR4335,Textile Excellence de Nancy GIE
FR4336,Alimentaire Mulhouse SCOP
FR4337,Technologie Lyonnaise de Annecy SNC
FR4338,Électronique Grenobloise SCS
FR4339,Compagnie Rouennaise EURL
FR4340,Métallurgie Durable de Dijon SCOP
FR4341,Groupe Amiénoise GIE
FR4342,Mécanique Grenoble GIE
FR4343,Électronique Montpellier SCS
FR4344,Automobile Toulon SE
FR4345,Aéronautique Metz SNC
FR4346,Consulting Internationale de Perpignan SNC
FR4347,Production Bordelaise SCS
FR4348,Énergie Montpellier SE
FR4349,Verre Moderne SAS
FR4350,Société Nationale de Annecy GIE
FR4351,Céramique Tourangelle SARL
FR4352,Énergie Performante de Nantes SAS
FR4353,Technologie Dijon SE
FR4354,Céramique Durable SAS
FR4355,Naval Strasbourg GIE
FR4356,Chimie Nationale de Tours SAS
FR4357,Consulting Clermontoise SCS
FR4358,Verre Innovante SE
FR4359,Technologie Régionale GIE
FR4360,Technologie Toulousaine de Besançon SE
FR4361,Consulting Lilloise de Lille SCS
FR4362,Compagnie Dijon SAS
FR4363,Industrie Rouen SNC
FR4364,Naval Internationale de Perpignan SAS
FR4365,Entreprise Besançon EURL
FR4366,Mécanique Durable SARL
FR4367,Énergie Française de Mulhouse SAS
FR4368,Fabrique Marseillaise de Clermont SE
FR4369,Bois Angevine de Saint-Étienne SAS
FR4370,Fabrique Tourangelle de Grenoble SA
FR4371,Production Strasbourg SE
FR4372,Services Parisienne de Clermont SCOP
FR4373,Ateliers Précision SNC
FR4374,Société Créative de Dijon SCS
FR4375,Compagnie Spécialisée SCS
FR4376,Céramique Moderne de Caen SARL
FR4377,Ferroviaire Rouennaise SNC
FR4378,Électronique Générale SNC
FR4379,Entreprise Performante EURL
FR4380,Verre Lilloise SA
FR4381,Système Montpellier SCOP
FR4382,Céramique Paris SAS
FR4383,Alimentaire Tours SARL
FR4384,Ferroviaire Orléans EURL
FR4385,Électronique Montpelliéraine SNC
FR4386,Aéronautique Angers SE
FR4387,Métallurgie Générale de Lyon GIE
FR4388,Céramique Rennaise de Grenoble EURL
FR4389,Industrie Fiable de Clermont SCOP
FR4390,Entreprise Spécialisée de Caen SA
FR4391,Chimie Reims SCOP
FR4392,Système Marseille SCS
FR4393,Bois Dijonnaise SNC
FR4394,Chimie Technique de Montpellier SA
FR4395,Ateliers Rennes SCOP
FR4396,Verre Performante SCS
FR4397,Verre Toulousaine SCOP
FR4398,Industrie Qualité EURL
FR4399,Électronique Française de Toulouse SNC
FR4400,Consulting Nantes SE
FR4401,Manufacture Efficace de Tours EURL
FR4402,Société Amiénoise de Montpellier SE
FR4403,Verre Efficace de Nancy SNC
FR4404,Aéronautique Lyon SE
FR4405,Textile Grenobloise SCS
FR4406,Automobile Besançon EURL
FR4407,Consulting Nantes GIE
FR4408,Innovation Rouen SCOP
FR4409,Manufacture Mulhouse SE
FR4410,Automobile Générale de Limoges SA
FR4411,Ferroviaire Marseillaise de Paris SAS
FR4412,Compagnie Besançon SNC
FR4413,Compagnie Dijonnaise SAS
FR4414,Alimentaire Commerciale SNC
FR4415,Système Internationale EURL
FR4416,Verre Marseillaise de Orléans SNC
FR4417,Système Grenoble SA
FR4418,Ferroviaire Efficace SA
FR4419,Métallurgie Tourangelle de Saint-Étienne SCOP
FR4420,Fabrique Dynamique EURL
FR4421,Bois Saint-Étienne SCS
FR4422,Métallurgie Moderne SCOP
FR4423,Céramique Montpelliéraine de Grenoble EURL
FR4424,Industrie Lyon EURL
FR4425,Bois Rouen SE
FR4426,Plastique Générale SE
FR4427,Bois Industrielle de Paris GIE
FR4428,Verre Amiénoise SA
FR4429,Industrie Régionale de Nantes SA
FR4430,Compagnie Créative de Rennes GIE
FR4431,Usines Tours EURL
FR4432,Usines Grenobloise de Annecy SA
FR4433,Production Régionale SAS
FR4434,Innovation Intégrée de Tours SCS
FR4435,Services Dijon SAS
FR4436,Automobile Marseillaise SAS
FR4437,Énergie Tourangelle de Rennes SCS
FR4438,Fabrique Marseillaise de Rouen SCS
FR4439,Mécanique Fiable de Caen SNC
FR4440,Usines Innovante de Nancy SA
FR4441,Bois Limoges SCS
FR4442,Mécanique Dijon GIE
FR4443,Système Nantes SCS
FR4444,Énergie Toulousaine SCS
FR4445,Céramique Perpignan GIE
FR4446,Automobile Lyon SCOP
FR4447,Production Lyon GIE
FR4448,Chimie Nantaise SCS
FR4449,Innovation Efficace de Marseille SA
FR4450,Compagnie Annecy SCOP
FR4451,Automobile Toulousaine SCS
FR4452,Fabrique Rouen SNC
FR4453,Consulting Qualité SCS
FR4454,Bois Lille SCS
FR4455,Textile Tours SCOP
FR4456,Naval Bordelaise de Toulon SARL
FR4457,Verre Avancée de Besançon SNC
FR4458,Automobile Mulhouse GIE
FR4459,Consulting Dijonnaise SCS
FR4460,Naval Internationale SE
FR4461,Technologie Amiénoise de Besançon SCOP
FR4462,Développement Amiénoise de Annecy SA
FR4463,Système Parisienne SCS
FR4464,Production Fiable SCOP
FR4465,Verre Paris SNC
FR4466,Fabrique Toulon EURL
FR4467,Verre Intégrée de Angers GIE
FR4468,Développement Grenobloise de Amiens SCOP
FR4469,Système Orleanaise SE
FR4470,Fabrique Amiénoise SAS
FR4471,Industrie Angers GIE
FR4472,Technologie Rouen SNC
FR4473,Électronique Générale SARL
FR4474,Industrie Efficace de Grenoble SCOP
FR4475,Alimentaire Brestoise SCS
FR4476,Aéronautique Française de Tours GIE
FR4477,Innovation Toulouse EURL
FR4478,Verre Tourangelle EURL
FR4479,Automobile Caen SAS
FR4480,Aéronautique Lille SCOP
FR4481,Entreprise Moderne de Reims SE
FR4482,Verre Angevine SCOP
FR4483,Solutions Paris SCS
FR4484,Société Européenne de Strasbourg SCS
FR4485,Fabrique Dynamique SNC
FR4486,Ferroviaire Angevine SA
FR4487,Automobile Limoges SCS
FR4488,Naval Moderne SAS
FR4489,Automobile Perpignan SA
FR4490,Verre Dijonnaise de Metz SE
FR4491,Verre Saint-Étienne GIE
FR4492,Aéronautique Brestoise de Angers SCS
FR4493,Ateliers Industrielle de Tours EURL
FR4494,Énergie Reims SE
FR4495,Entreprise Clermont SE
FR4496,Textile Besançon SA
FR4497,Solutions Rouennaise GIE
FR4498,Fabrique Tours EURL
FR4499,Bois Toulouse SAS
FR4500,Entreprise Performante de Grenoble SARL
FR4501,Alimentaire Lyon SNC
FR4502,Entreprise Montpelliéraine de Clermont SCOP
FR4503,Système Rennaise de Perpignan EURL
FR4504,Électronique Générale de Strasbourg SNC
FR4505,Système Européenne de Reims GIE
FR4506,Énergie Nantaise SE
FR4507,Fabrique Clermontoise de Limoges SCOP
FR4508,Groupe Besançon SE
FR4509,Bois Industrielle de Dijon SA
FR4510,Innovation Fiable SNC
FR4511,Naval Durable SE
FR4512,Textile Technique GIE
FR4513,Bois Dijonnaise de Bordeaux SE
FR4514,Aéronautique Rouennaise EURL
FR4515,Groupe Clermont SAS
FR4516,Verre Rennaise SA
FR4517,Textile Nouvelle SE
FR4518,Verre Française de Toulon SCS
FR4519,Chimie Lilloise SAS
FR4520,Industrie Toulousaine de Limoges GIE
FR4521,Céramique Industrielle SAS
FR4522,Céramique Nationale SCS
FR4523,Développement Angevine de Marseille SNC
FR4524,Ferroviaire Tourangelle de Nantes SA
FR4525,Innovation Industrielle GIE
FR4526,Hydraulique Orleanaise SCS
FR4527,Entreprise Nouvelle SA
FR4528,Électronique Caen SAS
FR4529,Céramique Toulousaine SAS
FR4530,Groupe Bordeaux SE
FR4531,Métallurgie Nantaise EURL
FR4532,Automobile Dynamique de Perpignan SARL
FR4533,Énergie Rennaise de Grenoble SNC
FR4534,Usines Clermontoise de Dijon SCS
FR4535,Électronique Orléans SA
FR4536,Bois Fiable de Rouen SCOP
FR4537,Industrie Durable de Amiens SCS
FR4538,Développement Efficace de Mulhouse SA
FR4539,Société Lyon GIE
FR4540,Développement Brestoise de Nancy SAS
FR4541,Services Strasbourgeoise de Caen SCS
FR4542,Fabrique Européenne de Rennes SE
FR4543,Naval Nantes SNC
FR4544,Ateliers Durable SCOP
FR4545,Automobile Intégrée de Angers SCS
FR4546,Électronique Nantaise SE
FR4547,Système Dijonnaise de Limoges SA
FR4548,Textile Créative de Besançon SE
FR4549,Métallurgie Strasbourg GIE
FR4550,Services Grenobloise GIE
FR4551,Bois Précision de Strasbourg SNC
FR4552,Mécanique Industrielle EURL
FR4553,Industrie Nationale GIE
FR4554,Compagnie Régionale de Annecy SARL
FR4555,Compagnie Limoges SE
FR4556,Production Nationale SCS
FR4557,Manufacture Bordeaux SAS
FR4558,Production Orleanaise de Toulouse SCOP
FR4559,Manufacture Rouennaise de Bordeaux SAS
FR4560,Groupe Marseillaise de Grenoble GIE
FR4561,Aéronautique Toulousaine de Rennes SE
FR4562,Textile Limogeaude SARL
FR4563,Textile Française de Tours EURL
FR4564,Société Nouvelle EURL
FR4565,Entreprise Angers SCOP
FR4566,Électronique Régionale de Angers SE
FR4567,Système Internationale de Lille SE
FR4568,Aéronautique Limoges EURL
FR4569,Production Dijon SCOP
FR4570,Consulting Metz GIE
FR4571,Usines Dynamique de Nancy SA
FR4572,Ateliers Rouennaise de Limoges SE
FR4573,Ateliers Technique de Perpignan SAS
FR4574,Énergie Lyonnaise de Dijon GIE
FR4575,Société Bordelaise SA
FR4576,Production Qualité de Nantes SE
FR4577,Services Orleanaise de Mulhouse SNC
FR4578,Automobile Performante de Angers SNC
FR4579,Consulting Française SA
FR4580,Céramique Industrielle de Lille EURL
FR4581,Industrie Générale de Bordeaux SCOP
FR4582,Solutions Lilloise SCS
FR4583,Textile Montpellier SA
FR4584,Compagnie Industrielle de Angers SCOP
FR4585,Services Industrielle SNC
FR4586,Électronique Brest SE
FR4587,Entreprise Angevine de Rouen SARL
FR4588,Ateliers Rouennaise de Nancy EURL
FR4589,Innovation Orléans SE
FR4590,Verre Saint-Étienne SARL
FR4591,Aéronautique Brest SCOP
FR4592,Production Orleanaise SNC
FR4593,Automobile Technique SNC
FR4594,Mécanique Parisienne de Perpignan EURL
FR4595,Automobile Angevine de Marseille SA
FR4596,Textile Spécialisée de Toulon EURL
FR4597,Usines Continentale de Montpellier SCOP
FR4598,Production Bordeaux SCOP
FR4599,Verre Reims EURL
FR4600,Compagnie Européenne de Montpellier SE
FR4601,Système Orleanaise EURL
FR4602,Plastique Nantaise SE
FR4603,Consulting Qualité de Annecy GIE
FR4604,Solutions Angevine SNC
FR4605,Développement Saint-Étienne SAS
FR4606,Chimie Nancy SNC
FR4607,Énergie Clermont SARL
FR4608,Industrie Européenne SA
FR4609,Ateliers Internationale de Marseille SE
FR4610,Ateliers Perpignan SNC
FR4611,Ferroviaire Nationale de Reims SA
FR4612,Solutions Fiable SCOP
FR4613,Fabrique Qualité de Brest SAS
FR4614,Consulting Annecy SA
FR4615,Chimie Parisienne GIE
FR4616,Innovation Moderne de Orléans GIE
FR4617,Bois Moderne GIE
FR4618,Textile Rennes EURL
FR4619,Société Rennaise de Nantes SAS
FR4620,Métallurgie Paris SE
FR4621,Solutions Brest GIE
FR4622,Céramique Générale SCS
FR4623,Aéronautique Grenoble SARL
FR4624,Électronique Toulouse GIE
FR4625,Manufacture Lille SAS
FR4626,Chimie Nantaise de Rouen SCOP
FR4627,Automobile Angevine de Besançon SAS
FR4628,Usines Innovante GIE
FR4629,Solutions Nantaise SCS
FR4630,Alimentaire Nancy SAS
FR4631,Aéronautique Annecy SNC
FR4632,Société Parisienne de Caen EURL
FR4633,Textile Lyonnaise SAS
FR4634,Solutions Brestoise de Caen SNC
FR4635,Verre Spécialisée de Strasbourg SAS
FR4636,Industrie Toulon SCOP
FR4637,Services Nantaise SNC
FR4638,Compagnie Régionale SCOP
FR4639,Chimie Strasbourgeoise de Rennes SARL
FR4640,Naval Lille SCS
FR4641,Industrie Tourangelle SA
FR4642,Énergie Clermont GIE
FR4643,Innovation Toulousaine SE
FR4644,Ateliers Fiable SE
FR4645,Solutions Grenoble SARL
FR4646,Entreprise Limogeaude EURL
FR4647,Ateliers Lyonnaise de Annecy SCOP
FR4648,Ateliers Marseillaise GIE
FR4649,Fabrique Perpignan SCOP
FR4650,Industrie Rouennaise GIE
FR4651,Entreprise Régionale SNC
FR4652,Verre Strasbourg SA
FR4653,Technologie Technique de Besançon GIE
FR4654,Alimentaire Fiable de Metz SA
FR4655,Système Toulouse SARL
FR4656,Production Parisienne GIE
FR4657,Entreprise Limogeaude SCS
FR4658,Ateliers Mulhouse GIE
FR4659,Production Besançon SAS
FR4660,Société Marseillaise de Bordeaux SCS
FR4661,Technologie Performante SAS
FR4662,Manufacture Besançon SA
FR4663,Solutions Rouen SE
FR4664,Ateliers Nancy EURL
FR4665,Technologie Industrielle GIE
FR4666,Développement Metz GIE
FR4667,Fabrique Clermontoise SNC
FR4668,Électronique Précision SCOP
FR4669,Hydraulique Lille GIE
FR4670,Groupe Qualité SCS
FR4671,Ferroviaire Dynamique de Rennes EURL
FR4672,Plastique Perpignan SCOP
FR4673,Verre Reims SCS
FR4674,Bois Internationale de Perpignan SCS
FR4675,Métallurgie Générale GIE
FR4676,Hydraulique Toulousaine GIE
FR4677,Plastique Orleanaise de Dijon EURL
FR4678,Système Tourangelle SCOP
FR4679,Verre Metz SCS
FR4680,Solutions Innovante de Nantes GIE
FR4681,Alimentaire Rouen SAS
FR4682,Bois Rouen SAS
FR4683,Ferroviaire Strasbourgeoise de Nancy SAS
FR4684,Céramique Caen SE
FR4685,Métallurgie Clermontoise de Clermont SNC
FR4686,Automobile Amiénoise SA
FR4687,Production Tourangelle de Tours SCOP
FR4688,Entreprise Moderne de Montpellier SARL
FR4689,Hydraulique Strasbourgeoise de Dijon SARL
FR4690,Innovation Marseille SCOP
FR4691,Manufacture Amiens EURL
FR4692,Groupe Spécialisée SAS
FR4693,Ateliers Brestoise SE
FR4694,Manufacture Innovante de Dijon SAS
FR4695,Usines Rennaise SARL
FR4696,Électronique Nouvelle GIE
FR4697,Production Qualité SAS
FR4698,Verre Angers EURL
FR4699,Fabrique Lyon SNC
FR4700,Développement Metz SARL
FR4701,Céramique Reims GIE
FR4702,Naval Strasbourgeoise GIE
FR4703,Services Clermontoise SCS
FR4704,Bois Lilloise de Montpellier SAS
FR4705,Usines Internationale de Tours EURL
FR4706,Société Bordeaux EURL
FR4707,Métallurgie Clermontoise de Caen SCOP
FR4708,Solutions Efficace SNC
FR4709,Développement Strasbourgeoise SA
FR4710,Solutions Marseillaise SARL
FR4711,Verre Lyonnaise de Tours SNC
FR4712,Compagnie Parisienne de Besançon SA
FR4713,Système Marseillaise de Limoges SAS
FR4714,Céramique Bordelaise GIE
FR4715,Entreprise Bordeaux SA
FR4716,Usines Dijonnaise de Limoges SNC
FR4717,Électronique Mulhouse SNC
FR4718,Groupe Lille SCS
FR4719,Groupe Fiable SCOP
FR4720,Ateliers Dijon SE
FR4721,Textile Spécialisée SARL
FR4722,Énergie Mulhouse EURL
FR4723,Ateliers Qualité SNC
FR4724,Fabrique Angevine SCOP
FR4725,Compagnie Toulouse SARL
FR4726,Naval Grenoble SNC
FR4727,Énergie Fiable SARL
FR4728,Automobile Spécialisée SE
FR4729,Automobile Dijonnaise de Bordeaux SARL
FR4730,Société Dynamique SCOP
FR4731,Bois Strasbourg SNC
FR4732,Production Bordelaise SCS
FR4733,Consulting Strasbourgeoise SCS
FR4734,Automobile Dijon SAS
FR4735,Développement Continentale SCS
FR4736,Énergie Lyon SARL
FR4737,Plastique Tourangelle de Saint-Étienne SCOP
FR4738,Naval Qualité SE
FR4739,Chimie Angers GIE
FR4740,Services Montpellier SA
FR4741,Alimentaire Avancée de Montpellier SCOP
FR4742,Solutions Régionale de Toulon SCS
FR4743,Technologie Orléans SARL
FR4744,Verre Rennaise SCS
FR4745,Industrie Metz SA
FR4746,Mécanique Créative SNC
FR4747,Bois Besançon GIE
FR4748,Société Fiable SE
FR4749,Industrie Lyonnaise GIE
FR4750,Métallurgie Lilloise SCOP
FR4751,Céramique Grenobloise EURL
FR4752,Système Rennaise EURL
FR4753,Production Brest SA
FR4754,Textile Rouennaise de Lille SE
FR4755,Électronique Rennes SA
FR4756,Métallurgie Nouvelle de Bordeaux SARL
FR4757,Usines Metz SCS
FR4758,Textile Dijonnaise de Toulon SCS
FR4759,Système Tours SE
FR4760,Industrie Avancée de Toulouse SNC
FR4761,Plastique Générale SE
FR4762,Consulting Parisienne de Caen SAS
FR4763,Manufacture Angers SARL
FR4764,Alimentaire Amiénoise de Marseille SNC
FR4765,Fabrique Technique SARL
FR4766,Céramique Intégrée SNC
FR4767,Société Montpelliéraine de Nancy SARL
FR4768,Services Parisienne GIE
FR4769,Manufacture Efficace de Orléans EURL
FR4770,Production Lilloise de Perpignan EURL
FR4771,Aéronautique Limogeaude de Perpignan EURL
FR4772,Industrie Française SCS
FR4773,Énergie Régionale de Reims SNC
FR4774,Métallurgie Montpelliéraine de Perpignan SA
FR4775,Groupe Fiable de Montpellier SNC
FR4776,Automobile Lyonnaise GIE
FR4777,Céramique Intégrée EURL
FR4778,Aéronautique Marseillaise SARL
FR4779,Compagnie Orleanaise GIE
FR4780,Groupe Rennaise de Bordeaux SCS
FR4781,Innovation Spécialisée de Angers GIE
FR4782,Verre Tourangelle de Rouen SNC
FR4783,Technologie Brest SA
FR4784,Technologie Mulhouse SAS
FR4785,Solutions Angevine SE
FR4786,Naval Rennaise SNC
FR4787,Verre Excellence SARL
FR4788,Mécanique Dijon SA
FR4789,Énergie Lyon GIE
FR4790,Système Paris SCOP
FR4791,Solutions Orleanaise de Angers SAS
FR4792,Mécanique Caen SAS
FR4793,Compagnie Française de Caen SE
FR4794,Services Marseillaise SNC
FR4795,Automobile Internationale de Mulhouse SAS
FR4796,Compagnie Nouvelle de Toulouse SAS
FR4797,Fabrique Rouen SA
FR4798,Naval Mulhouse SAS
FR4799,Consulting Qualité de Mulhouse SAS
FR4800,Ferroviaire Lyonnaise de Bordeaux GIE
FR4801,Société Perpignan SARL
FR4802,Système Technique de Rouen SA
FR4803,Chimie Nantes SAS
FR4804,Ateliers Performante de Toulouse SA
FR4805,Solutions Régionale EURL
FR4806,Groupe Nancy SA
FR4807,Alimentaire Dijon SARL
FR4808,Alimentaire Nationale de Reims SNC
FR4809,Plastique Continentale de Lyon SNC
FR4810,Production Orleanaise SA
FR4811,Solutions Rennaise de Marseille EURL
FR4812,Naval Toulon SE
FR4813,Alimentaire Nationale de Orléans SNC
FR4814,Aéronautique Angers SARL
FR4815,Chimie Caen SARL
FR4816,Aéronautique Générale GIE
FR4817,Chimie Montpelliéraine SCOP
FR4818,Fabrique Brest SAS
FR4819,Textile Spécialisée SE
FR4820,Groupe Bordeaux SAS
FR4821,Usines Internationale de Nancy SCOP
FR4822,Manufacture Nationale SCOP
FR4823,Fabrique Rouennaise de Metz EURL
FR4824,Production Nantaise de Dijon SAS
FR4825,Mécanique Créative de Montpellier SE
FR4826,Compagnie Besançon SNC
FR4827,Électronique Paris SA
FR4828,Consulting Intégrée de Toulon SCS
FR4829,Production Lille SARL
FR4830,Automobile Continentale de Besançon SE
FR4831,Fabrique Reims SE
FR4832,Énergie Performante SE
FR4833,Alimentaire Durable de Mulhouse SARL
FR4834,Fabrique Marseillaise de Toulouse SARL
FR4835,Manufacture Nationale SCS
FR4836,Technologie Avancée SCOP
FR4837,Plastique Amiens SAS
FR4838,Métallurgie Française de Bordeaux SCS
FR4839,Énergie Régionale GIE
FR4840,Ferroviaire Moderne SNC
FR4841,Automobile Grenobloise de Rennes SAS
FR4842,Plastique Bordelaise SA
FR4843,Industrie Moderne SAS
FR4844,Alimentaire Bordelaise de Perpignan SAS
FR4845,Fabrique Nouvelle de Reims GIE
FR4846,Services Française de Angers SA
FR4847,Développement Besançon SNC
FR4848,Fabrique Durable de Rouen SARL
FR4849,Plastique Lyonnaise SAS
FR4850,Énergie Intégrée de Besançon SE
FR4851,Industrie Tourangelle SCS
FR4852,Fabrique Régionale de Besançon SARL
FR4853,Groupe Lille SA
FR4854,Fabrique Strasbourgeoise de Orléans SNC
FR4855,Production Amiénoise de Orléans EURL
FR4856,Groupe Grenoble SNC
FR4857,Verre Générale GIE
FR4858,Innovation Metz EURL
FR4859,Automobile Toulouse SA
FR4860,Fabrique Rouennaise SA
FR4861,Mécanique Technique SNC
FR4862,Solutions Clermontoise de Clermont EURL
FR4863,Bois Parisienne de Strasbourg SE
FR4864,Verre Reims SARL
FR4865,Industrie Européenne de Angers SNC
FR4866,Fabrique Parisienne SE
FR4867,Groupe Nantes EURL
FR4868,Plastique Montpellier EURL
FR4869,Industrie Nantaise SARL
FR4870,Ferroviaire Continentale de Reims SE
FR4871,Groupe Commerciale de Lille SA
FR4872,Société Nancy SNC
FR4873,Mécanique Bordeaux SNC
FR4874,Verre Grenoble SE
FR4875,Solutions Européenne EURL
FR4876,Hydraulique Créative EURL
FR4877,Hydraulique Toulousaine EURL
FR4878,Verre Dijon SCS
FR4879,Usines Brest SCOP
FR4880,Compagnie Excellence de Nantes SA
FR4881,Ateliers Internationale de Reims SE
FR4882,Ferroviaire Clermont SARL
FR4883,Plastique Industrielle de Clermont GIE
FR4884,Automobile Bordelaise de Tours SARL
FR4885,Bois Nouvelle de Tours SCS
FR4886,Innovation Grenobloise GIE
FR4887,Textile Brest SCS
FR4888,Innovation Limogeaude de Nancy SCS
FR4889,Automobile Reims SCOP
FR4890,Plastique Amiénoise de Bordeaux SCS
FR4891,Hydraulique Grenobloise de Strasbourg SNC
FR4892,Ateliers Intégrée SCOP
FR4893,Alimentaire Commerciale de Caen SNC
FR4894,Solutions Lyon EURL
FR4895,Hydraulique Européenne EURL
FR4896,Ferroviaire Nationale de Tours GIE
FR4897,Développement Française de Nancy SARL
FR4898,Groupe Grenobloise SCS
FR4899,Électronique Bordeaux SARL
FR4900,Naval Dijonnaise de Brest SA
FR4901,Fabrique Lyonnaise de Toulon SCOP
FR4902,Système Spécialisée de Amiens SCOP
FR4903,Usines Rouen SE
FR4904,Fabrique Fiable SCOP
FR4905,Industrie Excellence SA
FR4906,Entreprise Toulousaine SAS
FR4907,Mécanique Amiens SNC
FR4908,Groupe Continentale de Besançon SCOP
FR4909,Ferroviaire Caen GIE
FR4910,Ferroviaire Lilloise GIE
FR4911,Verre Clermont SCOP
FR4912,Bois Lille EURL
FR4913,Métallurgie Parisienne SA
FR4914,Mécanique Rennaise GIE
FR4915,Naval Reims EURL
FR4916,Compagnie Toulon SARL
FR4917,Industrie Intégrée SA
FR4918,Consulting Toulon SA
FR4919,Énergie Dynamique SARL
FR4920,Ateliers Marseillaise de Dijon SARL
FR4921,Céramique Limoges SA
FR4922,Verre Continentale de Tours SE
FR4923,Naval Européenne de Besançon SCOP
FR4924,Services Française SNC
FR4925,Énergie Toulouse SAS
FR4926,Verre Perpignan SARL
FR4927,Consulting Technique GIE
FR4928,Consulting Mulhouse SA
FR4929,Énergie Fiable SAS
FR4930,Production Industrielle SAS
FR4931,Système Rouen SAS
FR4932,Société Fiable de Lyon SAS
FR4933,Compagnie Annecy GIE
FR4934,Compagnie Qualité SA
FR4935,Production Générale SARL
FR4936,Groupe Créative EURL
FR4937,Solutions Annecy EURL
FR4938,Groupe Tours SA
FR4939,Consulting Nantaise de Orléans SE
FR4940,Électronique Commerciale de Strasbourg SA
FR4941,Services Européenne de Marseille SNC
FR4942,Technologie Précision SA
FR4943,Développement Orleanaise SCOP
FR4944,Céramique Internationale SAS
FR4945,Compagnie Rennaise de Metz SAS
FR4946,Chimie Durable de Toulon SNC
FR4947,Développement Intégrée de Besançon SA
FR4948,Entreprise Strasbourgeoise de Montpellier SA
FR4949,Consulting Lyonnaise de Amiens GIE
FR4950,Hydraulique Tourangelle de Toulouse SAS
FR4951,Électronique Angers GIE
FR4952,Céramique Continentale SA
FR4953,Énergie Avancée de Reims SCOP
FR4954,Ferroviaire Internationale de Metz SAS
FR4955,Solutions Moderne de Clermont EURL
FR4956,Chimie Parisienne de Saint-Étienne SARL
FR4957,Système Intégrée GIE
FR4958,Automobile Avancée de Limoges SCOP
FR4959,Innovation Nouvelle de Marseille GIE
FR4960,Textile Grenobloise de Brest SAS
FR4961,Industrie Intégrée de Tours SNC
FR4962,Ateliers Rennaise SCS
FR4963,Production Avancée SCS
FR4964,Manufacture Innovante de Caen EURL
FR4965,Manufacture Caen SA
FR4966,Mécanique Bordelaise de Toulouse SCOP
FR4967,Alimentaire Tours SE
FR4968,Entreprise Rennaise de Besançon SCS
FR4969,Aéronautique Strasbourgeoise de Perpignan SARL
FR4970,Société Toulon SCS
FR4971,Technologie Limogeaude SNC
FR4972,Aéronautique Innovante de Montpellier SCOP
FR4973,Services Toulon SA
FR4974,Innovation Parisienne SARL
FR4975,Industrie Nantaise SE
FR4976,Métallurgie Grenobloise de Dijon SA
FR4977,Production Montpelliéraine SAS
FR4978,Solutions Bordelaise de Lyon SE
FR4979,Industrie Générale de Lyon EURL
FR4980,Technologie Nantes GIE
FR4981,Aéronautique Régionale de Amiens EURL
FR4982,Mécanique Parisienne de Amiens SCS
FR4983,Métallurgie Angevine GIE
FR4984,Céramique Rennes SCOP
FR4985,Bois Annecy SCOP
FR4986,Électronique Bordeaux SCS
FR4987,Entreprise Brestoise de Nancy GIE
FR4988,Céramique Continentale de Lille SE
FR4989,Hydraulique Dijonnaise SNC
FR4990,Chimie Créative de Clermont SE
FR4991,Énergie Clermontoise de Dijon GIE
FR4992,Consulting Rouennaise SA
FR4993,Plastique Industrielle de Lyon SCOP
FR4994,Mécanique Amiénoise SAS
FR4995,Solutions Rouen SNC
FR4996,Automobile Excellence SCS
FR4997,Électronique Française SA
FR4998,Technologie Commerciale de Dijon SNC
FR4999,Industrie Lille SCOP
FR5000,Innovation Durable SA
